label,subject_id,session_id,eda_mean,eda_std,eda_slope,scl_mean,phasic_mean,scr_count,scr_amp_mean,scr_rise_mean,scr_recovery_mean,hr,rmssd,sdnn,pnn50,ibi_mean,ibi_std,imu_mag_mean,imu_mag_std,imu_energy,imu_jerk_mean,imu_jerk_std,imu_var_x,imu_var_y,imu_var_z,baseline_eda_mean,baseline_scl_mean,baseline_scr_count,baseline_scr_amp_mean,baseline_hr,baseline_rmssd,baseline_sdnn,baseline_ibi_mean
0,S01,SESS_S01_EXP,0.73943,0.07197,0.001011,0.68943,0.03124,1,0.05395,1.1766,2.4532,60.68,68.19,61.4,44.84,988.73,50.44,1.0045,0.0051,1.0012,0.0257,0.011,7e-06,1.3e-05,7e-06,0.7749,0.7749,1.0,0.08,59.35,60.93,64.39,1010.92
0,S01,SESS_S01_EXP,0.73657,0.07843,-0.002672,0.68657,0.01272,1,0.06398,1.1766,2.4532,59.44,64.04,61.81,37.15,1009.46,39.26,0.9826,0.0192,1.0483,0.0343,0.0096,9.2e-05,0.000181,9.2e-05,0.7749,0.7749,1.0,0.08,59.35,60.93,64.39,1010.92
0,S01,SESS_S01_EXP,0.83495,0.02732,-4.8e-05,0.78495,0.01103,1,0.07737,1.2291,2.5582,57.45,65.99,65.22,29.16,1044.47,49.19,0.9813,0.0176,1.0225,0.0219,0.0189,7.8e-05,0.000152,7.8e-05,0.7749,0.7749,1.0,0.08,59.35,60.93,64.39,1010.92
0,S01,SESS_S01_EXP,0.90673,0.03959,0.000704,0.85673,0.02563,1,0.07277,1.1364,2.3729,58.68,60.18,68.85,32.14,1022.42,42.02,1.0017,0.0071,1.0401,0.0122,0.0198,1.3e-05,2.5e-05,1.3e-05,0.7749,0.7749,1.0,0.08,59.35,60.93,64.39,1010.92
0,S01,SESS_S01_EXP,0.72629,0.06893,0.002069,0.67629,0.03187,0,0.0,0.0,0.0,59.99,68.04,67.25,43.3,1000.2,56.25,0.998,0.0064,1.0185,0.0301,0.015,1e-05,2e-05,1e-05,0.7749,0.7749,1.0,0.08,59.35,60.93,64.39,1010.92
0,S01,SESS_S01_EXP,0.87273,0.03648,0.000612,0.82273,0.02149,2,0.09993,1.2612,2.6223,60.92,63.66,68.33,34.88,984.95,48.07,0.9971,0.0054,1.0054,0.0109,0.0145,7e-06,1.4e-05,7e-06,0.7749,0.7749,1.0,0.08,59.35,60.93,64.39,1010.92
0,S01,SESS_S01_EXP,0.9518,0.03496,-0.000896,0.9018,0.03267,0,0.0,0.0,0.0,56.81,60.4,62.85,43.59,1056.08,55.2,1.0053,0.0181,1.0402,0.0156,0.0184,8.2e-05,0.00016,8.2e-05,0.7749,0.7749,1.0,0.08,59.35,60.93,64.39,1010.92
0,S01,SESS_S01_EXP,0.85974,0.06845,0.003961,0.80974,0.01954,0,0.0,0.0,0.0,57.98,64.7,61.4,32.05,1034.75,42.62,0.9866,0.013,1.0242,0.0308,0.009,4.2e-05,8.3e-05,4.2e-05,0.7749,0.7749,1.0,0.08,59.35,60.93,64.39,1010.92
0,S01,SESS_S01_EXP,0.7796,0.05349,-0.000962,0.7296,0.01195,1,0.11737,1.1334,2.3668,57.86,62.89,64.1,30.7,1036.93,35.92,1.0044,0.0125,1.0026,0.0184,0.0186,3.9e-05,7.7e-05,3.9e-05,0.7749,0.7749,1.0,0.08,59.35,60.93,64.39,1010.92
0,S01,SESS_S01_EXP,0.7848,0.02869,-0.000105,0.7348,0.03957,2,0.09705,1.1486,2.3972,60.92,59.78,67.95,32.36,984.87,50.81,1.0053,0.013,1.0045,0.0351,0.0098,4.2e-05,8.3e-05,4.2e-05,0.7749,0.7749,1.0,0.08,59.35,60.93,64.39,1010.92
0,S01,SESS_S01_EXP,0.72905,0.05073,-0.002735,0.67905,0.02936,0,0.0,0.0,0.0,60.5,61.57,69.83,27.75,991.77,43.53,0.9845,0.0189,1.0439,0.0177,0.0149,8.9e-05,0.000174,8.9e-05,0.7749,0.7749,1.0,0.08,59.35,60.93,64.39,1010.92
0,S01,SESS_S01_EXP,0.92921,0.05331,0.000297,0.87921,0.01726,1,0.11281,1.2874,2.6747,61.75,64.53,64.45,31.98,971.59,53.15,1.0159,0.0183,1.039,0.0293,0.0063,8.4e-05,0.000164,8.4e-05,0.7749,0.7749,1.0,0.08,59.35,60.93,64.39,1010.92
0,S01,SESS_S01_EXP,0.72617,0.02965,0.000487,0.67617,0.03076,0,0.0,0.0,0.0,57.7,65.47,63.53,31.51,1039.9,53.66,1.006,0.0177,1.0329,0.027,0.0064,7.9e-05,0.000154,7.9e-05,0.7749,0.7749,1.0,0.08,59.35,60.93,64.39,1010.92
0,S01,SESS_S01_EXP,0.81684,0.03591,-0.00256,0.76684,0.03919,0,0.0,0.0,0.0,59.27,67.8,65.3,32.0,1012.27,51.13,1.0068,0.018,1.0115,0.025,0.0136,8.1e-05,0.000158,8.1e-05,0.7749,0.7749,1.0,0.08,59.35,60.93,64.39,1010.92
0,S01,SESS_S01_EXP,0.7948,0.07301,0.002477,0.7448,0.03859,0,0.0,0.0,0.0,58.92,68.53,70.07,42.06,1018.31,42.36,0.9954,0.0178,1.0158,0.0151,0.0134,7.9e-05,0.000155,7.9e-05,0.7749,0.7749,1.0,0.08,59.35,60.93,64.39,1010.92
1,S01,SESS_S01_EXP,1.67575,0.11264,0.007271,1.55575,0.0568,4,0.27841,1.1191,2.2381,64.69,49.56,56.66,23.15,927.46,39.85,1.0121,0.019,1.0506,0.0524,0.0262,9e-05,0.000177,9e-05,0.7749,0.7749,1.0,0.08,59.35,60.93,64.39,1010.92
1,S01,SESS_S01_EXP,1.6344,0.1085,0.008722,1.5144,0.10571,4,0.17408,1.1515,2.303,66.11,46.59,54.86,15.4,907.64,35.92,1.0026,0.0172,1.0714,0.0212,0.0107,7.4e-05,0.000144,7.4e-05,0.7749,0.7749,1.0,0.08,59.35,60.93,64.39,1010.92
1,S01,SESS_S01_EXP,1.64169,0.08242,0.002398,1.52169,0.08656,2,0.16345,1.4853,2.9705,69.64,49.13,56.45,17.14,861.53,34.99,1.012,0.0135,1.0393,0.0588,0.0243,4.5e-05,8.9e-05,4.5e-05,0.7749,0.7749,1.0,0.08,59.35,60.93,64.39,1010.92
1,S01,SESS_S01_EXP,1.52496,0.11696,0.003759,1.40496,0.0629,3,0.25376,1.0893,2.1786,68.03,48.79,52.43,16.72,881.99,32.25,1.003,0.0279,1.0762,0.0312,0.0291,0.000194,0.00038,0.000194,0.7749,0.7749,1.0,0.08,59.35,60.93,64.39,1010.92
1,S01,SESS_S01_EXP,1.61628,0.09989,0.007729,1.49628,0.07937,3,0.17696,1.0514,2.1028,68.4,46.03,52.09,15.51,877.2,28.69,1.0213,0.0276,1.0632,0.0239,0.0198,0.00019,0.000373,0.00019,0.7749,0.7749,1.0,0.08,59.35,60.93,64.39,1010.92
1,S01,SESS_S01_EXP,1.52506,0.08587,0.007774,1.40506,0.09446,3,0.16174,0.9705,1.941,63.94,52.46,54.4,20.93,938.32,39.63,1.007,0.0336,1.0961,0.0547,0.0227,0.000282,0.000553,0.000282,0.7749,0.7749,1.0,0.08,59.35,60.93,64.39,1010.92
1,S01,SESS_S01_EXP,1.63519,0.11095,0.007307,1.51519,0.059,2,0.2073,1.0895,2.179,69.5,48.63,57.16,24.96,863.3,31.33,0.9742,0.0125,1.0313,0.0238,0.0237,3.9e-05,7.7e-05,3.9e-05,0.7749,0.7749,1.0,0.08,59.35,60.93,64.39,1010.92
1,S01,SESS_S01_EXP,1.64837,0.05209,0.009959,1.52837,0.06973,3,0.23148,1.0792,2.1584,67.63,52.07,55.81,23.84,887.24,32.79,0.9806,0.0288,1.0865,0.0596,0.0183,0.000207,0.000405,0.000207,0.7749,0.7749,1.0,0.08,59.35,60.93,64.39,1010.92
1,S01,SESS_S01_EXP,1.50651,0.11988,0.004749,1.38651,0.11515,2,0.15818,1.0507,2.1014,67.93,51.11,52.82,19.16,883.25,37.08,0.9998,0.0197,1.0508,0.024,0.0111,9.7e-05,0.000191,9.7e-05,0.7749,0.7749,1.0,0.08,59.35,60.93,64.39,1010.92
1,S01,SESS_S01_EXP,1.59794,0.09343,0.006423,1.47794,0.05583,2,0.16691,1.1392,2.2784,65.82,50.64,55.91,23.71,911.52,41.42,0.9755,0.0224,1.034,0.042,0.0188,0.000125,0.000245,0.000125,0.7749,0.7749,1.0,0.08,59.35,60.93,64.39,1010.92
1,S01,SESS_S01_EXP,1.66122,0.08158,0.002288,1.54122,0.06001,3,0.25391,1.0875,2.1751,69.05,51.8,53.95,17.45,868.89,34.74,1.0235,0.0137,1.0659,0.0293,0.0216,4.7e-05,9.2e-05,4.7e-05,0.7749,0.7749,1.0,0.08,59.35,60.93,64.39,1010.92
1,S01,SESS_S01_EXP,1.57247,0.08152,0.00879,1.45247,0.08372,3,0.23281,1.129,2.258,65.34,48.24,54.0,17.79,918.21,34.89,1.0043,0.0285,1.0837,0.0529,0.0249,0.000203,0.000399,0.000203,0.7749,0.7749,1.0,0.08,59.35,60.93,64.39,1010.92
1,S01,SESS_S01_EXP,1.59922,0.07138,0.005402,1.47922,0.08344,2,0.25898,1.0813,2.1626,65.19,52.67,51.47,25.67,920.33,28.73,1.0235,0.0232,1.0995,0.023,0.0211,0.000134,0.000264,0.000134,0.7749,0.7749,1.0,0.08,59.35,60.93,64.39,1010.92
1,S01,SESS_S01_EXP,1.58373,0.11262,0.006,1.46373,0.09393,3,0.18147,1.1025,2.2049,68.27,52.33,57.15,15.64,878.8,34.71,0.9764,0.0184,1.0419,0.0459,0.0178,8.5e-05,0.000166,8.5e-05,0.7749,0.7749,1.0,0.08,59.35,60.93,64.39,1010.92
1,S01,SESS_S01_EXP,1.46373,0.07393,0.004964,1.34373,0.0682,4,0.23171,1.1498,2.2996,67.07,48.09,56.28,22.53,894.6,30.76,1.0247,0.0306,1.0965,0.049,0.0223,0.000234,0.000458,0.000234,0.7749,0.7749,1.0,0.08,59.35,60.93,64.39,1010.92
2,S01,SESS_S01_EXP,3.08794,0.12588,0.008448,2.80794,0.22529,4,0.4097,1.006,2.005,80.25,36.19,45.89,9.93,747.67,29.61,1.0126,0.0225,1.0744,0.048,0.0204,0.000127,0.000249,0.000127,0.7749,0.7749,1.0,0.08,59.35,60.93,64.39,1010.92
2,S01,SESS_S01_EXP,2.69259,0.20992,0.017084,2.41259,0.29998,6,0.42997,0.9394,1.8802,78.74,39.6,46.49,8.47,762.05,24.31,0.9642,0.0582,1.1427,0.0537,0.0402,0.000846,0.001658,0.000846,0.7749,0.7749,1.0,0.08,59.35,60.93,64.39,1010.92
2,S01,SESS_S01_EXP,2.71169,0.2073,0.016845,2.43169,0.30446,6,0.3631,0.8273,1.6699,79.07,39.74,41.93,13.92,758.85,26.26,1.0028,0.0368,1.1642,0.0784,0.0442,0.000339,0.000664,0.000339,0.7749,0.7749,1.0,0.08,59.35,60.93,64.39,1010.92
2,S01,SESS_S01_EXP,3.10648,0.20024,0.024668,2.82648,0.27162,5,0.38591,1.0522,2.0917,76.41,39.35,43.48,11.14,785.19,28.97,0.9936,0.0449,1.1735,0.097,0.0244,0.000504,0.000987,0.000504,0.7749,0.7749,1.0,0.08,59.35,60.93,64.39,1010.92
2,S01,SESS_S01_EXP,2.78403,0.17969,0.024661,2.50403,0.24852,4,0.33647,0.9488,1.8978,77.41,35.98,44.62,10.6,775.1,26.19,0.994,0.0479,1.0916,0.0818,0.0323,0.000574,0.001125,0.000574,0.7749,0.7749,1.0,0.08,59.35,60.93,64.39,1010.92
2,S01,SESS_S01_EXP,3.09207,0.18698,0.024543,2.81207,0.27039,6,0.29103,1.0137,2.0195,74.53,35.6,42.46,6.89,804.99,19.69,1.0007,0.0283,1.1137,0.0702,0.0407,0.0002,0.000391,0.0002,0.7749,0.7749,1.0,0.08,59.35,60.93,64.39,1010.92
2,S01,SESS_S01_EXP,3.0917,0.23971,0.009038,2.8117,0.20538,4,0.30282,0.894,1.795,77.53,39.85,44.61,15.24,773.86,21.31,1.0336,0.0413,1.1565,0.0437,0.0244,0.000425,0.000834,0.000425,0.7749,0.7749,1.0,0.08,59.35,60.93,64.39,1010.92
2,S01,SESS_S01_EXP,2.72147,0.20933,0.022355,2.44147,0.29992,7,0.30894,0.9671,1.9321,76.48,37.12,42.85,8.69,784.48,23.28,0.9522,0.0329,1.0954,0.0596,0.0236,0.00027,0.00053,0.00027,0.7749,0.7749,1.0,0.08,59.35,60.93,64.39,1010.92
2,S01,SESS_S01_EXP,2.99446,0.22259,0.016474,2.71446,0.16738,6,0.47894,0.9675,1.9327,77.26,37.45,44.78,9.79,776.64,22.72,1.049,0.0443,1.0993,0.0699,0.0299,0.000491,0.000962,0.000491,0.7749,0.7749,1.0,0.08,59.35,60.93,64.39,1010.92
2,S01,SESS_S01_EXP,3.12175,0.12098,0.011831,2.84175,0.22307,7,0.32338,1.0228,2.0366,74.66,35.64,42.43,14.97,803.66,19.12,1.0077,0.0364,1.1879,0.0467,0.0319,0.000332,0.00065,0.000332,0.7749,0.7749,1.0,0.08,59.35,60.93,64.39,1010.92
2,S01,SESS_S01_EXP,2.74035,0.20692,0.023799,2.46035,0.26135,7,0.40869,0.9039,1.8135,79.22,35.16,47.2,13.11,757.36,20.79,1.031,0.0412,1.1549,0.0861,0.0226,0.000424,0.000831,0.000424,0.7749,0.7749,1.0,0.08,59.35,60.93,64.39,1010.92
2,S01,SESS_S01_EXP,2.90796,0.24116,0.013451,2.62796,0.26878,5,0.37088,1.0104,2.0133,74.29,34.31,47.33,9.22,807.61,29.34,0.978,0.0473,1.1612,0.0757,0.0341,0.000558,0.001094,0.000558,0.7749,0.7749,1.0,0.08,59.35,60.93,64.39,1010.92
2,S01,SESS_S01_EXP,3.11967,0.22798,0.024405,2.83967,0.17486,7,0.54755,0.8084,1.6345,74.79,36.2,46.95,13.22,802.28,18.67,1.036,0.0531,1.1601,0.088,0.0448,0.000705,0.001383,0.000705,0.7749,0.7749,1.0,0.08,59.35,60.93,64.39,1010.92
2,S01,SESS_S01_EXP,2.74811,0.15064,0.018774,2.46811,0.33157,4,0.51684,0.8674,1.7451,76.1,38.83,44.03,9.77,788.44,24.48,0.9832,0.0499,1.1303,0.0539,0.047,0.000623,0.00122,0.000623,0.7749,0.7749,1.0,0.08,59.35,60.93,64.39,1010.92
2,S01,SESS_S01_EXP,3.10814,0.20115,0.009987,2.82814,0.33797,6,0.47725,1.0164,2.0244,78.21,34.93,46.67,10.95,767.18,28.38,1.013,0.0599,1.1603,0.0824,0.0434,0.000897,0.001759,0.000897,0.7749,0.7749,1.0,0.08,59.35,60.93,64.39,1010.92
3,S01,SESS_S01_EXP,4.50941,0.26705,0.036422,3.98941,0.54759,8,0.73814,0.6231,1.1683,93.56,23.48,34.63,1.76,641.27,14.77,1.0555,0.039,1.1813,0.1322,0.066,0.00038,0.000745,0.00038,0.7749,0.7749,1.0,0.08,59.35,60.93,64.39,1010.92
3,S01,SESS_S01_EXP,4.82909,0.27791,0.025371,4.30909,0.42264,8,0.73839,0.9109,1.7079,87.63,25.05,31.83,4.69,684.73,20.94,0.9436,0.036,1.1861,0.1326,0.0596,0.000325,0.000637,0.000325,0.7749,0.7749,1.0,0.08,59.35,60.93,64.39,1010.92
3,S01,SESS_S01_EXP,4.47668,0.43131,0.038703,3.95668,0.35921,8,0.97419,0.8807,1.6513,89.1,23.27,30.78,1.63,673.43,20.09,1.0748,0.0374,1.1825,0.0766,0.0393,0.000349,0.000684,0.000349,0.7749,0.7749,1.0,0.08,59.35,60.93,64.39,1010.92
3,S01,SESS_S01_EXP,4.64406,0.2723,0.033237,4.12406,0.50172,13,0.73436,0.7621,1.429,93.38,22.95,32.06,3.39,642.53,16.45,1.0764,0.0508,1.2025,0.1338,0.0526,0.000645,0.001264,0.000645,0.7749,0.7749,1.0,0.08,59.35,60.93,64.39,1010.92
3,S01,SESS_S01_EXP,4.57459,0.32406,0.019226,4.05459,0.42055,11,0.78041,0.8762,1.6428,94.5,24.74,33.3,4.79,634.92,10.16,1.0328,0.0407,1.313,0.0749,0.0507,0.000414,0.000811,0.000414,0.7749,0.7749,1.0,0.08,59.35,60.93,64.39,1010.92
3,S01,SESS_S01_EXP,4.44857,0.39249,0.021297,3.92857,0.70922,13,0.89374,1.0059,1.886,89.13,27.11,33.33,2.76,673.18,18.57,1.0097,0.0621,1.2266,0.1097,0.0683,0.000963,0.001888,0.000963,0.7749,0.7749,1.0,0.08,59.35,60.93,64.39,1010.92
3,S01,SESS_S01_EXP,4.47729,0.2969,0.017265,3.95729,0.6513,8,0.69891,0.8047,1.5089,91.79,24.97,30.52,1.94,653.65,18.59,1.032,0.0316,1.18,0.0831,0.0636,0.00025,0.00049,0.00025,0.7749,0.7749,1.0,0.08,59.35,60.93,64.39,1010.92
3,S01,SESS_S01_EXP,4.9171,0.27478,0.017983,4.3971,0.44727,9,1.07946,0.758,1.4213,94.8,23.63,32.43,2.94,632.94,11.04,1.0277,0.0742,1.2927,0.0723,0.0738,0.001375,0.002694,0.001375,0.7749,0.7749,1.0,0.08,59.35,60.93,64.39,1010.92
3,S01,SESS_S01_EXP,4.90925,0.38191,0.042319,4.38925,0.5999,9,0.69268,0.8391,1.5734,89.15,25.88,31.73,4.74,673.03,14.91,1.0138,0.0562,1.193,0.1548,0.0682,0.000789,0.001546,0.000789,0.7749,0.7749,1.0,0.08,59.35,60.93,64.39,1010.92
3,S01,SESS_S01_EXP,5.03479,0.3178,0.015674,4.51479,0.45747,8,0.89841,0.8777,1.6458,87.93,23.62,34.57,6.91,682.35,16.31,0.9492,0.0463,1.1433,0.1514,0.0359,0.000537,0.001052,0.000537,0.7749,0.7749,1.0,0.08,59.35,60.93,64.39,1010.92
3,S01,SESS_S01_EXP,4.85612,0.28303,0.031625,4.33612,0.61057,8,0.94611,0.7975,1.4954,86.42,23.63,31.71,2.6,694.3,18.79,0.9626,0.068,1.229,0.1173,0.0719,0.001156,0.002265,0.001156,0.7749,0.7749,1.0,0.08,59.35,60.93,64.39,1010.92
3,S01,SESS_S01_EXP,4.73254,0.30139,0.043759,4.21254,0.42375,13,0.88173,0.9123,1.7106,87.81,24.87,31.84,3.13,683.33,18.63,0.9705,0.064,1.2257,0.1264,0.0768,0.001023,0.002006,0.001023,0.7749,0.7749,1.0,0.08,59.35,60.93,64.39,1010.92
3,S01,SESS_S01_EXP,4.98097,0.26944,0.015935,4.46097,0.45491,9,1.01284,0.7604,1.4257,93.82,27.7,31.17,4.74,639.55,15.69,0.9785,0.0511,1.2143,0.1305,0.0599,0.000653,0.001279,0.000653,0.7749,0.7749,1.0,0.08,59.35,60.93,64.39,1010.92
3,S01,SESS_S01_EXP,4.45712,0.22054,0.044031,3.93712,0.3521,11,0.74854,0.7362,1.3805,86.27,27.51,31.08,6.7,695.51,15.35,0.9515,0.0625,1.2971,0.1332,0.0703,0.000977,0.001915,0.000977,0.7749,0.7749,1.0,0.08,59.35,60.93,64.39,1010.92
3,S01,SESS_S01_EXP,4.92193,0.37922,0.040476,4.40193,0.44987,7,0.90567,0.7939,1.4886,92.28,23.19,33.74,1.26,650.17,17.06,1.0899,0.0633,1.2252,0.0913,0.036,0.001003,0.001966,0.001003,0.7749,0.7749,1.0,0.08,59.35,60.93,64.39,1010.92
0,S02,SESS_S02_EXP,1.10993,0.04731,0.000224,1.05993,0.02934,1,0.09174,1.2657,2.6314,58.46,53.41,59.38,38.93,1026.38,43.5,1.009,0.006,1.0158,0.0262,0.0169,9e-06,1.8e-05,9e-06,1.1462,1.1462,1.0,0.08,60.08,55.96,61.69,998.71
0,S02,SESS_S02_EXP,1.17589,0.05755,0.00386,1.12589,0.02848,1,0.07923,1.2792,2.6583,59.85,63.85,58.69,28.71,1002.52,44.6,1.0173,0.0061,1.0005,0.0116,0.0063,9e-06,1.8e-05,9e-06,1.1462,1.1462,1.0,0.08,60.08,55.96,61.69,998.71
0,S02,SESS_S02_EXP,1.24139,0.0363,-0.001017,1.19139,0.01275,2,0.07949,1.1976,2.4951,61.5,54.83,59.68,32.09,975.56,42.18,0.9919,0.0085,1.0021,0.0105,0.0198,1.8e-05,3.5e-05,1.8e-05,1.1462,1.1462,1.0,0.08,60.08,55.96,61.69,998.71
0,S02,SESS_S02_EXP,1.20315,0.04306,0.001796,1.15315,0.01655,1,0.10586,1.1445,2.389,58.63,59.02,67.53,42.68,1023.34,50.02,1.0161,0.0198,1.0372,0.0119,0.011,9.8e-05,0.000193,9.8e-05,1.1462,1.1462,1.0,0.08,60.08,55.96,61.69,998.71
0,S02,SESS_S02_EXP,1.30387,0.02722,-0.004531,1.25387,0.02152,0,0.0,0.0,0.0,58.2,61.32,61.84,26.16,1030.99,59.23,1.0154,0.0189,1.0497,0.0152,0.0109,8.9e-05,0.000175,8.9e-05,1.1462,1.1462,1.0,0.08,60.08,55.96,61.69,998.71
0,S02,SESS_S02_EXP,1.28576,0.06176,-0.003461,1.23576,0.03447,1,0.09361,1.2597,2.6195,61.57,52.38,66.74,42.2,974.58,46.44,0.9956,0.0091,1.0238,0.0113,0.0178,2.1e-05,4.1e-05,2.1e-05,1.1462,1.1462,1.0,0.08,60.08,55.96,61.69,998.71
0,S02,SESS_S02_EXP,1.3291,0.06411,-0.002186,1.2791,0.01758,1,0.06818,1.1931,2.4862,61.42,57.91,59.42,29.4,976.91,52.08,0.983,0.0178,1.0248,0.0244,0.0139,7.9e-05,0.000155,7.9e-05,1.1462,1.1462,1.0,0.08,60.08,55.96,61.69,998.71
0,S02,SESS_S02_EXP,1.30237,0.04087,0.00178,1.25237,0.02697,0,0.0,0.0,0.0,61.48,58.22,66.5,29.91,975.91,38.93,0.9864,0.01,1.0119,0.0379,0.0066,2.5e-05,4.9e-05,2.5e-05,1.1462,1.1462,1.0,0.08,60.08,55.96,61.69,998.71
0,S02,SESS_S02_EXP,1.31661,0.07768,-0.000345,1.26661,0.03637,1,0.05902,1.1072,2.3143,59.09,60.88,60.13,41.36,1015.43,55.8,1.0003,0.0051,1.0144,0.0285,0.0197,6e-06,1.3e-05,6e-06,1.1462,1.1462,1.0,0.08,60.08,55.96,61.69,998.71
0,S02,SESS_S02_EXP,1.25416,0.03559,0.00134,1.20416,0.0262,2,0.05899,1.2594,2.6189,58.78,52.18,62.58,41.8,1020.79,44.8,0.9872,0.0163,1.0394,0.0152,0.0166,6.6e-05,0.00013,6.6e-05,1.1462,1.1462,1.0,0.08,60.08,55.96,61.69,998.71
0,S02,SESS_S02_EXP,1.2146,0.02348,-0.004253,1.1646,0.03557,1,0.11814,1.2752,2.6504,62.89,60.96,59.86,40.17,954.03,35.61,0.9809,0.0099,1.0244,0.0331,0.0152,2.4e-05,4.8e-05,2.4e-05,1.1462,1.1462,1.0,0.08,60.08,55.96,61.69,998.71
0,S02,SESS_S02_EXP,1.20768,0.03642,0.004971,1.15768,0.02279,0,0.0,0.0,0.0,62.2,58.29,66.12,30.97,964.58,56.0,1.0109,0.0085,1.0066,0.036,0.0194,1.8e-05,3.5e-05,1.8e-05,1.1462,1.1462,1.0,0.08,60.08,55.96,61.69,998.71
0,S02,SESS_S02_EXP,1.17639,0.06347,0.002458,1.12639,0.01601,0,0.0,0.0,0.0,60.99,56.38,66.47,34.46,983.8,59.2,0.9874,0.018,1.0388,0.0331,0.0177,8.1e-05,0.000159,8.1e-05,1.1462,1.1462,1.0,0.08,60.08,55.96,61.69,998.71
0,S02,SESS_S02_EXP,1.28646,0.05757,-0.003688,1.23646,0.01098,1,0.09317,1.1433,2.3867,61.86,57.74,59.74,27.5,969.98,52.14,0.9972,0.008,1.0246,0.0119,0.0137,1.6e-05,3.1e-05,1.6e-05,1.1462,1.1462,1.0,0.08,60.08,55.96,61.69,998.71
0,S02,SESS_S02_EXP,1.1738,0.04731,-0.004884,1.1238,0.01217,1,0.0836,1.2841,2.6681,60.68,55.46,64.94,42.2,988.83,54.5,0.9816,0.0122,1.0052,0.0173,0.0198,3.7e-05,7.3e-05,3.7e-05,1.1462,1.1462,1.0,0.08,60.08,55.96,61.69,998.71
1,S02,SESS_S02_EXP,1.80895,0.0949,0.0078,1.68895,0.09917,3,0.24413,1.0347,2.0695,70.23,41.47,51.89,24.71,854.39,29.4,1.0195,0.0189,1.0525,0.0591,0.014,9e-05,0.000176,9e-05,1.1462,1.1462,1.0,0.08,60.08,55.96,61.69,998.71
1,S02,SESS_S02_EXP,1.77856,0.11033,0.011467,1.65856,0.0587,4,0.12505,1.1919,2.3839,70.2,41.32,51.93,22.8,854.76,42.81,1.0128,0.03,1.0538,0.0526,0.0116,0.000226,0.000442,0.000226,1.1462,1.1462,1.0,0.08,60.08,55.96,61.69,998.71
1,S02,SESS_S02_EXP,2.03465,0.09928,0.00999,1.91465,0.08166,4,0.12652,1.1553,2.3105,65.56,44.03,53.04,21.53,915.17,39.06,0.9988,0.0254,1.053,0.0388,0.0249,0.000161,0.000316,0.000161,1.1462,1.1462,1.0,0.08,60.08,55.96,61.69,998.71
1,S02,SESS_S02_EXP,1.7793,0.06455,0.001229,1.6593,0.09573,2,0.27941,1.0814,2.1628,70.43,45.51,49.88,22.48,851.95,29.23,0.9718,0.0164,1.0624,0.0547,0.0245,6.8e-05,0.000132,6.8e-05,1.1462,1.1462,1.0,0.08,60.08,55.96,61.69,998.71
1,S02,SESS_S02_EXP,1.98902,0.08829,0.004805,1.86902,0.07597,3,0.25873,1.2043,2.4086,68.05,44.03,53.04,20.35,881.71,42.85,1.024,0.0205,1.0494,0.0437,0.0282,0.000106,0.000207,0.000106,1.1462,1.1462,1.0,0.08,60.08,55.96,61.69,998.71
1,S02,SESS_S02_EXP,1.95567,0.11598,0.002447,1.83567,0.10011,3,0.14875,1.1533,2.3066,66.0,47.76,49.77,24.4,909.05,36.37,0.9848,0.0318,1.0612,0.0406,0.0172,0.000252,0.000495,0.000252,1.1462,1.1462,1.0,0.08,60.08,55.96,61.69,998.71
1,S02,SESS_S02_EXP,1.94409,0.06472,0.005302,1.82409,0.11786,3,0.25728,0.9746,1.9492,64.63,45.08,52.28,19.36,928.33,32.03,0.9841,0.0321,1.0609,0.0332,0.019,0.000257,0.000505,0.000257,1.1462,1.1462,1.0,0.08,60.08,55.96,61.69,998.71
1,S02,SESS_S02_EXP,1.90103,0.10291,0.011434,1.78103,0.06768,3,0.14682,1.0113,2.0226,64.8,46.12,52.67,20.22,925.96,42.35,1.0183,0.0246,1.0908,0.0282,0.0122,0.000152,0.000297,0.000152,1.1462,1.1462,1.0,0.08,60.08,55.96,61.69,998.71
1,S02,SESS_S02_EXP,1.84713,0.05514,0.006843,1.72713,0.11556,2,0.2224,1.1424,2.2848,65.93,42.22,49.22,16.14,910.11,37.94,1.0113,0.0199,1.0636,0.0474,0.0103,9.9e-05,0.000195,9.9e-05,1.1462,1.1462,1.0,0.08,60.08,55.96,61.69,998.71
1,S02,SESS_S02_EXP,1.92272,0.08084,0.006855,1.80272,0.0588,3,0.16927,0.9456,1.8911,68.81,42.37,52.73,25.67,872.02,29.6,1.0104,0.0211,1.0908,0.0271,0.0239,0.000111,0.000218,0.000111,1.1462,1.1462,1.0,0.08,60.08,55.96,61.69,998.71
1,S02,SESS_S02_EXP,2.01764,0.13502,0.008516,1.89764,0.0848,2,0.25294,1.1503,2.3007,69.77,46.34,49.37,23.75,860.02,43.62,1.006,0.0335,1.0879,0.0467,0.0215,0.000281,0.000551,0.000281,1.1462,1.1462,1.0,0.08,60.08,55.96,61.69,998.71
1,S02,SESS_S02_EXP,1.94769,0.07863,0.010531,1.82769,0.11953,2,0.24518,1.001,2.002,67.98,46.13,53.96,19.45,882.61,33.56,1.0101,0.0302,1.0834,0.0519,0.0187,0.000228,0.000447,0.000228,1.1462,1.1462,1.0,0.08,60.08,55.96,61.69,998.71
1,S02,SESS_S02_EXP,2.01155,0.06082,0.006989,1.89155,0.0504,4,0.22083,1.056,2.112,68.24,44.91,50.97,21.03,879.29,38.14,1.0027,0.0211,1.031,0.0435,0.0134,0.000111,0.000218,0.000111,1.1462,1.1462,1.0,0.08,60.08,55.96,61.69,998.71
1,S02,SESS_S02_EXP,1.91634,0.09881,0.011466,1.79634,0.1093,2,0.2502,1.2269,2.4538,65.23,42.0,51.85,17.71,919.8,36.1,0.9937,0.0237,1.0823,0.0486,0.0204,0.000141,0.000276,0.000141,1.1462,1.1462,1.0,0.08,60.08,55.96,61.69,998.71
1,S02,SESS_S02_EXP,2.01292,0.08878,0.010864,1.89292,0.05499,4,0.15896,1.1698,2.3395,70.14,41.38,54.29,18.87,855.43,29.72,0.9992,0.0164,1.0499,0.0323,0.0261,6.7e-05,0.000132,6.7e-05,1.1462,1.1462,1.0,0.08,60.08,55.96,61.69,998.71
2,S02,SESS_S02_EXP,3.33137,0.2131,0.012635,3.05137,0.23271,4,0.42107,0.797,1.6132,74.94,34.12,43.49,7.85,800.64,22.13,1.0373,0.0274,1.1801,0.0655,0.0226,0.000188,0.000368,0.000188,1.1462,1.1462,1.0,0.08,60.08,55.96,61.69,998.71
2,S02,SESS_S02_EXP,3.43408,0.16856,0.01695,3.15408,0.17246,4,0.44244,0.9817,1.9595,79.81,34.27,40.06,8.12,751.77,26.55,0.9952,0.0536,1.178,0.0612,0.0271,0.000718,0.001407,0.000718,1.1462,1.1462,1.0,0.08,60.08,55.96,61.69,998.71
2,S02,SESS_S02_EXP,3.43751,0.17509,0.019348,3.15751,0.16911,7,0.32042,0.8925,1.7922,77.05,29.88,40.1,14.69,778.76,24.62,1.0089,0.0271,1.1075,0.0538,0.0262,0.000184,0.000361,0.000184,1.1462,1.1462,1.0,0.08,60.08,55.96,61.69,998.71
2,S02,SESS_S02_EXP,3.34519,0.15339,0.018744,3.06519,0.16169,4,0.5467,1.0216,2.0342,75.03,33.13,41.11,10.28,799.65,28.05,1.0262,0.0597,1.0854,0.0462,0.0417,0.00089,0.001743,0.00089,1.1462,1.1462,1.0,0.08,60.08,55.96,61.69,998.71
2,S02,SESS_S02_EXP,3.06591,0.13114,0.023201,2.78591,0.18837,7,0.37908,0.8202,1.6565,76.48,32.66,41.34,14.32,784.49,27.37,0.9577,0.0456,1.1025,0.0756,0.0404,0.00052,0.001019,0.00052,1.1462,1.1462,1.0,0.08,60.08,55.96,61.69,998.71
2,S02,SESS_S02_EXP,3.14162,0.17939,0.011236,2.86162,0.16047,7,0.4587,0.9951,1.9845,77.98,33.35,41.48,6.6,769.41,25.87,1.0553,0.027,1.1528,0.0521,0.0361,0.000182,0.000358,0.000182,1.1462,1.1462,1.0,0.08,60.08,55.96,61.69,998.71
2,S02,SESS_S02_EXP,3.40429,0.16518,0.019303,3.12429,0.30909,7,0.38328,0.9411,1.8833,74.92,34.81,38.81,13.37,800.89,28.76,0.9768,0.0469,1.0812,0.0554,0.0436,0.000549,0.001076,0.000549,1.1462,1.1462,1.0,0.08,60.08,55.96,61.69,998.71
2,S02,SESS_S02_EXP,3.45855,0.1991,0.016616,3.17855,0.18186,4,0.28976,0.8777,1.7644,76.2,30.54,40.85,6.88,787.4,31.12,1.0109,0.0322,1.1176,0.0668,0.038,0.00026,0.000509,0.00026,1.1462,1.1462,1.0,0.08,60.08,55.96,61.69,998.71
2,S02,SESS_S02_EXP,3.27469,0.24898,0.022474,2.99469,0.1917,6,0.38724,1.0169,2.0254,77.86,32.73,42.73,11.32,770.65,28.1,0.9655,0.0285,1.1682,0.0594,0.0207,0.000203,0.000397,0.000203,1.1462,1.1462,1.0,0.08,60.08,55.96,61.69,998.71
2,S02,SESS_S02_EXP,3.1031,0.14907,0.024274,2.8231,0.26461,5,0.50207,0.9525,1.9047,75.01,34.13,44.22,10.87,799.94,26.49,1.0341,0.027,1.1303,0.0639,0.0244,0.000182,0.000357,0.000182,1.1462,1.1462,1.0,0.08,60.08,55.96,61.69,998.71
2,S02,SESS_S02_EXP,3.03911,0.13757,0.024373,2.75911,0.25991,7,0.31295,0.9012,1.8086,78.24,34.58,43.94,8.78,766.89,29.92,0.95,0.0207,1.1423,0.0619,0.0316,0.000107,0.00021,0.000107,1.1462,1.1462,1.0,0.08,60.08,55.96,61.69,998.71
2,S02,SESS_S02_EXP,3.30843,0.14493,0.0116,3.02843,0.24692,5,0.2956,0.935,1.872,78.94,34.86,40.12,7.42,760.04,19.7,0.9834,0.024,1.1531,0.0437,0.0353,0.000145,0.000283,0.000145,1.1462,1.1462,1.0,0.08,60.08,55.96,61.69,998.71
2,S02,SESS_S02_EXP,3.33815,0.18852,0.015243,3.05815,0.17614,7,0.3893,0.8273,1.6699,78.66,31.09,41.84,10.82,762.81,20.48,0.9926,0.0586,1.0998,0.048,0.0326,0.000857,0.00168,0.000857,1.1462,1.1462,1.0,0.08,60.08,55.96,61.69,998.71
2,S02,SESS_S02_EXP,3.42137,0.19568,0.019577,3.14137,0.18794,4,0.3381,1.023,2.0369,74.16,30.41,44.54,14.02,809.03,31.43,1.0037,0.0244,1.1358,0.0673,0.0453,0.000149,0.000291,0.000149,1.1462,1.1462,1.0,0.08,60.08,55.96,61.69,998.71
2,S02,SESS_S02_EXP,3.10123,0.16221,0.020535,2.82123,0.2452,4,0.4458,0.9478,1.8959,80.09,31.32,44.42,7.33,749.11,19.43,1.0225,0.0577,1.1671,0.0446,0.0284,0.000833,0.001632,0.000833,1.1462,1.1462,1.0,0.08,60.08,55.96,61.69,998.71
3,S02,SESS_S02_EXP,5.51046,0.2782,0.038435,4.99046,0.68005,8,0.76249,0.7253,1.36,90.58,19.1,32.13,3.7,662.4,20.59,0.938,0.0893,1.2198,0.0648,0.0319,0.001993,0.003907,0.001993,1.1462,1.1462,1.0,0.08,60.08,55.96,61.69,998.71
3,S02,SESS_S02_EXP,5.40791,0.24423,0.016067,4.88791,0.55343,8,0.80407,0.8634,1.619,95.99,22.81,32.4,5.7,625.04,14.26,0.9901,0.063,1.2895,0.0669,0.0512,0.000992,0.001943,0.000992,1.1462,1.1462,1.0,0.08,60.08,55.96,61.69,998.71
3,S02,SESS_S02_EXP,4.8323,0.33837,0.041967,4.3123,0.66299,7,1.08679,0.8982,1.6842,92.75,18.01,28.96,2.56,646.89,10.83,1.0832,0.0587,1.3012,0.0922,0.0363,0.000861,0.001688,0.000861,1.1462,1.1462,1.0,0.08,60.08,55.96,61.69,998.71
3,S02,SESS_S02_EXP,5.15502,0.43167,0.030623,4.63502,0.5966,8,0.62045,0.7192,1.3484,89.46,22.6,28.81,3.23,670.69,15.18,0.9947,0.0668,1.3098,0.0841,0.0361,0.001115,0.002185,0.001115,1.1462,1.1462,1.0,0.08,60.08,55.96,61.69,998.71
3,S02,SESS_S02_EXP,4.92418,0.42399,0.034374,4.40418,0.46436,7,0.69214,0.7946,1.4899,91.52,21.14,28.79,6.87,655.61,18.98,1.0148,0.0408,1.1497,0.092,0.0677,0.000417,0.000817,0.000417,1.1462,1.1462,1.0,0.08,60.08,55.96,61.69,998.71
3,S02,SESS_S02_EXP,5.34856,0.24483,0.035559,4.82856,0.38675,8,0.66743,0.8236,1.5442,91.14,22.16,31.35,4.25,658.35,17.08,1.0064,0.0479,1.2417,0.1289,0.0737,0.000572,0.001122,0.000572,1.1462,1.1462,1.0,0.08,60.08,55.96,61.69,998.71
3,S02,SESS_S02_EXP,5.27524,0.39506,0.019802,4.75524,0.53462,7,0.95794,0.6626,1.2424,94.89,19.35,28.66,6.28,632.3,17.89,0.9729,0.0745,1.2867,0.1215,0.0644,0.001389,0.002723,0.001389,1.1462,1.1462,1.0,0.08,60.08,55.96,61.69,998.71
3,S02,SESS_S02_EXP,5.18553,0.41505,0.040199,4.66553,0.68307,7,1.07694,0.8549,1.603,89.76,19.6,28.43,2.83,668.47,20.52,1.0894,0.0521,1.2207,0.1322,0.0743,0.000679,0.00133,0.000679,1.1462,1.1462,1.0,0.08,60.08,55.96,61.69,998.71
3,S02,SESS_S02_EXP,5.24064,0.31005,0.027379,4.72064,0.62825,13,0.56599,0.6229,1.168,87.75,18.87,29.63,3.41,683.79,20.49,1.0067,0.0734,1.1587,0.0825,0.0651,0.001347,0.00264,0.001347,1.1462,1.1462,1.0,0.08,60.08,55.96,61.69,998.71
3,S02,SESS_S02_EXP,5.2457,0.35849,0.015688,4.7257,0.47884,9,0.5822,0.7984,1.497,89.42,21.89,31.23,5.73,670.99,16.21,0.9948,0.0388,1.1991,0.1034,0.0344,0.000377,0.000739,0.000377,1.1462,1.1462,1.0,0.08,60.08,55.96,61.69,998.71
3,S02,SESS_S02_EXP,4.94269,0.35759,0.03707,4.42269,0.74934,11,0.71469,0.7467,1.4,87.81,21.15,30.17,2.07,683.27,18.23,1.0885,0.0748,1.2732,0.155,0.0401,0.0014,0.002744,0.0014,1.1462,1.1462,1.0,0.08,60.08,55.96,61.69,998.71
3,S02,SESS_S02_EXP,4.89844,0.38106,0.032574,4.37844,0.58459,7,1.06129,0.8285,1.5534,93.9,18.24,31.95,2.35,638.95,14.52,0.9985,0.0589,1.2183,0.1537,0.0653,0.000866,0.001697,0.000866,1.1462,1.1462,1.0,0.08,60.08,55.96,61.69,998.71
3,S02,SESS_S02_EXP,5.27114,0.23146,0.042117,4.75114,0.71376,7,0.55387,0.8039,1.5073,86.65,19.09,28.34,3.39,692.44,21.07,1.0003,0.0308,1.1909,0.0645,0.0318,0.000237,0.000465,0.000237,1.1462,1.1462,1.0,0.08,60.08,55.96,61.69,998.71
3,S02,SESS_S02_EXP,5.39591,0.44421,0.026136,4.87591,0.52155,7,0.97719,0.7237,1.3569,86.73,20.4,27.86,1.38,691.79,20.88,0.9437,0.0619,1.214,0.0947,0.075,0.000959,0.00188,0.000959,1.1462,1.1462,1.0,0.08,60.08,55.96,61.69,998.71
3,S02,SESS_S02_EXP,4.78366,0.37267,0.043902,4.26366,0.57407,13,0.57874,0.7237,1.357,90.27,19.26,31.34,6.89,664.7,13.08,1.0312,0.0419,1.2418,0.1064,0.0786,0.000439,0.00086,0.000439,1.1462,1.1462,1.0,0.08,60.08,55.96,61.69,998.71
0,S03,SESS_S03_EXP,1.58436,0.05367,0.000234,1.53436,0.01344,1,0.07828,1.1265,2.3531,63.8,58.96,60.54,37.26,940.38,40.65,1.0139,0.0114,1.007,0.0299,0.0082,3.3e-05,6.4e-05,3.3e-05,1.4217,1.4217,1.0,0.08,63.55,53.46,58.6,944.16
0,S03,SESS_S03_EXP,1.3961,0.07172,-0.000398,1.3461,0.03248,2,0.08588,1.119,2.3379,65.39,54.97,56.07,40.73,917.61,40.03,0.9903,0.0075,1.0165,0.0327,0.0128,1.4e-05,2.7e-05,1.4e-05,1.4217,1.4217,1.0,0.08,63.55,53.46,58.6,944.16
0,S03,SESS_S03_EXP,1.5916,0.07223,-0.002612,1.5416,0.02354,1,0.10255,1.2323,2.5646,63.9,56.09,56.45,31.87,939.02,42.06,0.9956,0.017,1.0186,0.0236,0.011,7.2e-05,0.000141,7.2e-05,1.4217,1.4217,1.0,0.08,63.55,53.46,58.6,944.16
0,S03,SESS_S03_EXP,1.39506,0.04646,-0.003044,1.34506,0.0156,0,0.0,0.0,0.0,64.01,57.07,62.79,32.92,937.29,57.88,1.0013,0.0074,1.0348,0.0338,0.0098,1.4e-05,2.7e-05,1.4e-05,1.4217,1.4217,1.0,0.08,63.55,53.46,58.6,944.16
0,S03,SESS_S03_EXP,1.41776,0.07364,0.001543,1.36776,0.01456,1,0.09307,1.1665,2.433,61.05,60.05,62.84,35.1,982.81,59.18,0.9967,0.0198,1.0334,0.029,0.0075,9.8e-05,0.000191,9.8e-05,1.4217,1.4217,1.0,0.08,63.55,53.46,58.6,944.16
0,S03,SESS_S03_EXP,1.59219,0.04565,-0.003378,1.54219,0.01038,0,0.0,0.0,0.0,61.11,49.81,63.01,29.2,981.89,44.48,1.0189,0.0101,1.0148,0.0375,0.0067,2.5e-05,5e-05,2.5e-05,1.4217,1.4217,1.0,0.08,63.55,53.46,58.6,944.16
0,S03,SESS_S03_EXP,1.45022,0.03526,0.003193,1.40022,0.03639,1,0.06216,1.2277,2.5553,64.82,59.37,56.51,29.8,925.63,38.55,0.9939,0.0118,1.0374,0.0295,0.0143,3.5e-05,6.8e-05,3.5e-05,1.4217,1.4217,1.0,0.08,63.55,53.46,58.6,944.16
0,S03,SESS_S03_EXP,1.4598,0.07049,-0.000287,1.4098,0.03937,2,0.05218,1.2732,2.6464,64.98,50.73,58.44,25.08,923.3,52.04,0.9867,0.0148,1.0496,0.0122,0.0062,5.5e-05,0.000108,5.5e-05,1.4217,1.4217,1.0,0.08,63.55,53.46,58.6,944.16
0,S03,SESS_S03_EXP,1.42559,0.04162,-0.004315,1.37559,0.03289,0,0.0,0.0,0.0,64.47,60.72,63.45,40.32,930.7,54.71,1.0066,0.0089,1.0454,0.0301,0.0134,2e-05,3.9e-05,2e-05,1.4217,1.4217,1.0,0.08,63.55,53.46,58.6,944.16
0,S03,SESS_S03_EXP,1.39945,0.04682,-0.000396,1.34945,0.03594,1,0.07663,1.1622,2.4244,66.41,50.79,59.41,25.84,903.49,53.5,1.0167,0.0092,1.0429,0.0188,0.0187,2.1e-05,4.1e-05,2.1e-05,1.4217,1.4217,1.0,0.08,63.55,53.46,58.6,944.16
0,S03,SESS_S03_EXP,1.37621,0.07777,0.002267,1.32621,0.01914,2,0.08729,1.2739,2.6478,64.36,54.85,57.57,27.4,932.27,36.71,0.9905,0.0057,1.0284,0.0185,0.0174,8e-06,1.6e-05,8e-06,1.4217,1.4217,1.0,0.08,63.55,53.46,58.6,944.16
0,S03,SESS_S03_EXP,1.39027,0.03358,0.002302,1.34027,0.02796,2,0.1132,1.2615,2.6231,65.66,57.47,60.94,42.85,913.77,39.63,0.9832,0.0086,1.0397,0.011,0.0137,1.8e-05,3.6e-05,1.8e-05,1.4217,1.4217,1.0,0.08,63.55,53.46,58.6,944.16
0,S03,SESS_S03_EXP,1.57955,0.05594,-0.003851,1.52955,0.01282,0,0.0,0.0,0.0,60.74,59.88,56.19,44.12,987.75,35.63,1.0078,0.0062,1.0455,0.0239,0.0071,1e-05,1.9e-05,1e-05,1.4217,1.4217,1.0,0.08,63.55,53.46,58.6,944.16
0,S03,SESS_S03_EXP,1.45691,0.02989,-0.003294,1.40691,0.03844,1,0.09142,1.2036,2.5072,64.76,52.31,60.22,27.08,926.44,44.61,0.9995,0.0148,1.0475,0.028,0.0162,5.5e-05,0.000107,5.5e-05,1.4217,1.4217,1.0,0.08,63.55,53.46,58.6,944.16
0,S03,SESS_S03_EXP,1.38944,0.03526,-0.001381,1.33944,0.02417,1,0.11352,1.4291,2.9582,61.98,55.09,59.66,34.46,968.03,50.56,0.9988,0.0117,1.0237,0.0277,0.0131,3.4e-05,6.7e-05,3.4e-05,1.4217,1.4217,1.0,0.08,63.55,53.46,58.6,944.16
1,S03,SESS_S03_EXP,2.29795,0.05445,0.010166,2.17795,0.10907,2,0.17422,1.1107,2.2214,72.86,42.46,48.68,18.23,823.45,43.84,0.9938,0.0122,1.0732,0.0246,0.0169,3.7e-05,7.3e-05,3.7e-05,1.4217,1.4217,1.0,0.08,63.55,53.46,58.6,944.16
1,S03,SESS_S03_EXP,2.18977,0.1132,0.011921,2.06977,0.0592,3,0.14643,1.2076,2.4152,70.39,43.57,50.9,22.38,852.42,32.39,1.0105,0.0174,1.0803,0.0582,0.0244,7.6e-05,0.000149,7.6e-05,1.4217,1.4217,1.0,0.08,63.55,53.46,58.6,944.16
1,S03,SESS_S03_EXP,2.30057,0.05019,0.008893,2.18057,0.10807,2,0.21661,1.1021,2.2043,72.17,39.26,47.91,20.02,831.39,34.27,0.9773,0.0205,1.0826,0.0228,0.0116,0.000105,0.000205,0.000105,1.4217,1.4217,1.0,0.08,63.55,53.46,58.6,944.16
1,S03,SESS_S03_EXP,2.24228,0.11108,0.004981,2.12228,0.09156,3,0.20034,1.1512,2.3024,68.88,39.27,46.53,16.89,871.06,38.84,1.0145,0.0232,1.088,0.0597,0.0264,0.000135,0.000265,0.000135,1.4217,1.4217,1.0,0.08,63.55,53.46,58.6,944.16
1,S03,SESS_S03_EXP,2.25017,0.09792,0.005937,2.13017,0.05591,4,0.127,1.0832,2.1663,68.79,42.37,47.66,23.02,872.26,39.09,1.0207,0.0273,1.0601,0.0469,0.0155,0.000186,0.000366,0.000186,1.4217,1.4217,1.0,0.08,63.55,53.46,58.6,944.16
1,S03,SESS_S03_EXP,2.17563,0.12185,0.010047,2.05563,0.11003,4,0.2415,1.2001,2.4001,68.64,44.68,45.68,19.07,874.1,28.47,0.9936,0.0231,1.0658,0.0266,0.0229,0.000134,0.000262,0.000134,1.4217,1.4217,1.0,0.08,63.55,53.46,58.6,944.16
1,S03,SESS_S03_EXP,2.05514,0.11857,0.011413,1.93514,0.07378,3,0.22333,1.0329,2.0659,71.87,40.84,46.04,19.51,834.84,33.29,1.0106,0.0251,1.0555,0.0287,0.0298,0.000158,0.00031,0.000158,1.4217,1.4217,1.0,0.08,63.55,53.46,58.6,944.16
1,S03,SESS_S03_EXP,2.08387,0.0937,0.001303,1.96387,0.08538,4,0.14173,1.2891,2.5783,68.64,39.92,51.16,19.56,874.07,34.72,0.9888,0.0137,1.0641,0.0252,0.0267,4.7e-05,9.2e-05,4.7e-05,1.4217,1.4217,1.0,0.08,63.55,53.46,58.6,944.16
1,S03,SESS_S03_EXP,2.15282,0.08373,0.006214,2.03282,0.08109,3,0.25227,1.0538,2.1076,73.95,40.48,51.37,19.28,811.33,34.55,0.9904,0.0235,1.0408,0.0421,0.0208,0.000138,0.000271,0.000138,1.4217,1.4217,1.0,0.08,63.55,53.46,58.6,944.16
1,S03,SESS_S03_EXP,2.17384,0.07721,0.003853,2.05384,0.06362,2,0.20119,1.1638,2.3276,72.11,40.1,50.59,20.99,832.03,30.81,1.005,0.035,1.0405,0.0527,0.0141,0.000306,0.0006,0.000306,1.4217,1.4217,1.0,0.08,63.55,53.46,58.6,944.16
1,S03,SESS_S03_EXP,2.27642,0.11611,0.004305,2.15642,0.07281,3,0.19383,1.1501,2.3002,72.43,39.49,50.72,22.82,828.35,43.42,0.9779,0.0248,1.0719,0.0341,0.0192,0.000154,0.000302,0.000154,1.4217,1.4217,1.0,0.08,63.55,53.46,58.6,944.16
1,S03,SESS_S03_EXP,2.24593,0.09201,0.001379,2.12593,0.11787,4,0.19403,1.0321,2.0643,73.93,41.84,50.79,21.48,811.53,34.38,0.9871,0.0151,1.0833,0.0355,0.0202,5.7e-05,0.000111,5.7e-05,1.4217,1.4217,1.0,0.08,63.55,53.46,58.6,944.16
1,S03,SESS_S03_EXP,2.1894,0.10196,0.010521,2.0694,0.11865,3,0.19095,1.1076,2.2151,71.66,42.6,50.44,20.24,837.27,44.93,0.9736,0.0101,1.0748,0.0319,0.0148,2.5e-05,5e-05,2.5e-05,1.4217,1.4217,1.0,0.08,63.55,53.46,58.6,944.16
1,S03,SESS_S03_EXP,2.05094,0.13744,0.003428,1.93094,0.10138,3,0.19629,0.9898,1.9795,72.17,43.52,49.76,16.48,831.31,33.09,0.9915,0.0301,1.0495,0.0284,0.0291,0.000227,0.000444,0.000227,1.4217,1.4217,1.0,0.08,63.55,53.46,58.6,944.16
1,S03,SESS_S03_EXP,2.04436,0.1398,0.008445,1.92436,0.10799,4,0.12037,1.015,2.03,68.31,40.85,49.4,15.76,878.3,28.1,1.0262,0.0305,1.0866,0.0554,0.024,0.000233,0.000457,0.000233,1.4217,1.4217,1.0,0.08,63.55,53.46,58.6,944.16
2,S03,SESS_S03_EXP,3.66328,0.15644,0.019686,3.38328,0.1549,6,0.37418,0.9322,1.8666,78.33,31.31,41.29,6.72,766.03,31.37,1.0075,0.032,1.0792,0.07,0.0438,0.000256,0.000501,0.000256,1.4217,1.4217,1.0,0.08,63.55,53.46,58.6,944.16
2,S03,SESS_S03_EXP,3.65525,0.12653,0.009239,3.37525,0.23057,6,0.337,0.8802,1.7691,83.59,28.86,37.36,7.52,717.77,21.73,0.9524,0.0433,1.1711,0.0729,0.0266,0.000469,0.00092,0.000469,1.4217,1.4217,1.0,0.08,63.55,53.46,58.6,944.16
2,S03,SESS_S03_EXP,3.39563,0.21357,0.022738,3.11563,0.24079,7,0.44869,1.0685,2.1222,78.05,30.55,37.06,13.14,768.73,29.52,1.0384,0.0421,1.1324,0.0486,0.0433,0.000443,0.000868,0.000443,1.4217,1.4217,1.0,0.08,63.55,53.46,58.6,944.16
2,S03,SESS_S03_EXP,3.43741,0.18457,0.012833,3.15741,0.17677,5,0.47486,0.9117,1.8282,79.45,28.87,36.22,7.89,755.2,28.96,1.0287,0.0437,1.1775,0.075,0.034,0.000478,0.000937,0.000478,1.4217,1.4217,1.0,0.08,63.55,53.46,58.6,944.16
2,S03,SESS_S03_EXP,3.34306,0.24102,0.022054,3.06306,0.17599,4,0.50753,0.9884,1.972,79.74,31.19,40.96,10.34,752.43,30.74,0.9915,0.0586,1.0807,0.0812,0.0348,0.000857,0.001681,0.000857,1.4217,1.4217,1.0,0.08,63.55,53.46,58.6,944.16
2,S03,SESS_S03_EXP,3.49553,0.20225,0.019966,3.21553,0.15087,6,0.34864,0.9361,1.8739,83.68,27.55,37.28,7.3,717.04,27.47,1.0538,0.0308,1.127,0.0781,0.05,0.000237,0.000464,0.000237,1.4217,1.4217,1.0,0.08,63.55,53.46,58.6,944.16
2,S03,SESS_S03_EXP,3.49427,0.23256,0.016091,3.21427,0.1722,7,0.37955,0.9497,1.8995,80.14,26.77,40.21,10.17,748.72,29.51,1.0435,0.0285,1.1489,0.0683,0.0464,0.000203,0.000397,0.000203,1.4217,1.4217,1.0,0.08,63.55,53.46,58.6,944.16
2,S03,SESS_S03_EXP,3.40958,0.20812,0.018332,3.12958,0.20906,7,0.53132,0.8724,1.7545,78.43,30.88,41.45,6.52,765.03,27.55,1.0015,0.0432,1.0802,0.0426,0.04,0.000466,0.000913,0.000466,1.4217,1.4217,1.0,0.08,63.55,53.46,58.6,944.16
2,S03,SESS_S03_EXP,3.57361,0.13298,0.019697,3.29361,0.19838,5,0.37108,0.9912,1.9772,77.68,27.2,38.09,10.93,772.36,23.66,1.0084,0.0438,1.0712,0.0678,0.0489,0.00048,0.00094,0.00048,1.4217,1.4217,1.0,0.08,63.55,53.46,58.6,944.16
2,S03,SESS_S03_EXP,3.56122,0.20808,0.013302,3.28122,0.3048,6,0.33935,0.9972,1.9885,78.47,31.6,39.06,6.76,764.63,23.36,0.9905,0.0273,1.1223,0.0599,0.0303,0.000186,0.000364,0.000186,1.4217,1.4217,1.0,0.08,63.55,53.46,58.6,944.16
2,S03,SESS_S03_EXP,3.62264,0.19418,0.017658,3.34264,0.2826,4,0.54303,0.8823,1.773,83.48,26.6,41.0,13.83,718.75,28.93,1.0004,0.0359,1.1063,0.0439,0.0268,0.000323,0.000632,0.000323,1.4217,1.4217,1.0,0.08,63.55,53.46,58.6,944.16
2,S03,SESS_S03_EXP,3.42501,0.18293,0.020707,3.14501,0.24476,5,0.4372,1.0085,2.0097,84.48,27.89,38.79,12.51,710.23,27.02,1.0117,0.0511,1.0946,0.0835,0.0386,0.000652,0.001278,0.000652,1.4217,1.4217,1.0,0.08,63.55,53.46,58.6,944.16
2,S03,SESS_S03_EXP,3.79253,0.18854,0.023409,3.51253,0.18278,6,0.35017,0.859,1.7294,79.96,31.96,37.35,10.7,750.33,30.46,1.0278,0.0225,1.0877,0.0405,0.0389,0.000126,0.000248,0.000126,1.4217,1.4217,1.0,0.08,63.55,53.46,58.6,944.16
2,S03,SESS_S03_EXP,3.52554,0.13746,0.024285,3.24554,0.25593,6,0.37565,0.8748,1.7591,84.19,32.23,39.33,15.29,712.66,28.65,1.0102,0.0272,1.125,0.0737,0.0459,0.000185,0.000363,0.000185,1.4217,1.4217,1.0,0.08,63.55,53.46,58.6,944.16
2,S03,SESS_S03_EXP,3.63888,0.13781,0.024915,3.35888,0.25545,6,0.34533,1.0263,2.0431,84.27,27.64,41.31,15.95,711.97,27.96,1.0579,0.0428,1.1011,0.0662,0.0378,0.000458,0.000897,0.000458,1.4217,1.4217,1.0,0.08,63.55,53.46,58.6,944.16
3,S03,SESS_S03_EXP,5.10017,0.36314,0.044435,4.58017,0.42604,9,0.95267,0.7964,1.4933,93.1,18.95,26.58,6.72,644.48,21.6,0.9868,0.0813,1.2792,0.091,0.0416,0.001651,0.003235,0.001651,1.4217,1.4217,1.0,0.08,63.55,53.46,58.6,944.16
3,S03,SESS_S03_EXP,5.80984,0.39562,0.040656,5.28984,0.59123,13,0.55497,0.9189,1.7229,93.12,20.09,25.75,4.81,644.34,12.66,0.9747,0.0809,1.2712,0.0695,0.0514,0.001635,0.003206,0.001635,1.4217,1.4217,1.0,0.08,63.55,53.46,58.6,944.16
3,S03,SESS_S03_EXP,5.06504,0.3306,0.034873,4.54504,0.3974,7,0.63459,0.7824,1.4669,99.45,20.23,27.08,4.08,603.32,15.78,1.028,0.0354,1.1459,0.0658,0.0522,0.000314,0.000616,0.000314,1.4217,1.4217,1.0,0.08,63.55,53.46,58.6,944.16
3,S03,SESS_S03_EXP,5.83566,0.30885,0.032215,5.31566,0.51624,7,0.68222,0.8626,1.6174,91.46,20.05,25.11,4.04,655.99,12.65,0.9266,0.0322,1.1715,0.1467,0.0441,0.000259,0.000507,0.000259,1.4217,1.4217,1.0,0.08,63.55,53.46,58.6,944.16
3,S03,SESS_S03_EXP,5.80207,0.35377,0.028098,5.28207,0.58204,9,0.72949,0.6848,1.284,97.95,16.18,26.76,6.42,612.59,20.15,0.9882,0.0758,1.2882,0.1489,0.0572,0.001436,0.002814,0.001436,1.4217,1.4217,1.0,0.08,63.55,53.46,58.6,944.16
3,S03,SESS_S03_EXP,5.27826,0.35657,0.015984,4.75826,0.60442,9,0.58795,0.7475,1.4016,98.96,17.99,26.65,5.87,606.33,20.03,0.9765,0.0716,1.2788,0.1255,0.0376,0.001282,0.002513,0.001282,1.4217,1.4217,1.0,0.08,63.55,53.46,58.6,944.16
3,S03,SESS_S03_EXP,5.74241,0.34399,0.023474,5.22241,0.52009,13,0.7655,0.7366,1.3811,95.02,18.12,27.56,1.37,631.48,14.35,1.0429,0.042,1.1766,0.061,0.0519,0.000442,0.000866,0.000442,1.4217,1.4217,1.0,0.08,63.55,53.46,58.6,944.16
3,S03,SESS_S03_EXP,5.62709,0.36735,0.027478,5.10709,0.65363,8,0.71661,0.7525,1.4109,92.8,19.02,28.69,2.09,646.54,14.45,1.0733,0.0784,1.3173,0.1354,0.0497,0.001537,0.003012,0.001537,1.4217,1.4217,1.0,0.08,63.55,53.46,58.6,944.16
3,S03,SESS_S03_EXP,5.51422,0.37203,0.017354,4.99422,0.5678,8,0.56137,0.7227,1.3551,92.24,18.04,25.95,4.77,650.49,15.78,0.9815,0.087,1.2538,0.073,0.058,0.00189,0.003705,0.00189,1.4217,1.4217,1.0,0.08,63.55,53.46,58.6,944.16
3,S03,SESS_S03_EXP,5.17938,0.44366,0.028464,4.65938,0.41361,9,0.99193,0.857,1.607,90.77,16.08,28.86,3.07,661.02,10.37,0.9288,0.0385,1.1784,0.1265,0.0379,0.000371,0.000727,0.000371,1.4217,1.4217,1.0,0.08,63.55,53.46,58.6,944.16
3,S03,SESS_S03_EXP,5.1368,0.39589,0.035132,4.6168,0.52413,7,0.72159,0.8768,1.644,94.37,17.99,26.54,6.44,635.77,10.19,1.053,0.0375,1.2836,0.1216,0.0722,0.000351,0.000688,0.000351,1.4217,1.4217,1.0,0.08,63.55,53.46,58.6,944.16
3,S03,SESS_S03_EXP,5.44258,0.38242,0.031029,4.92258,0.56629,13,0.82764,0.8105,1.5198,96.73,19.77,25.5,5.8,620.26,16.63,0.9874,0.0379,1.2958,0.0757,0.0455,0.000359,0.000704,0.000359,1.4217,1.4217,1.0,0.08,63.55,53.46,58.6,944.16
3,S03,SESS_S03_EXP,5.27374,0.42043,0.035181,4.75374,0.66867,9,1.01787,0.7281,1.3652,99.37,18.6,25.84,1.98,603.82,12.24,0.9234,0.0534,1.1745,0.1012,0.0767,0.000714,0.001399,0.000714,1.4217,1.4217,1.0,0.08,63.55,53.46,58.6,944.16
3,S03,SESS_S03_EXP,5.52611,0.27684,0.025676,5.00611,0.38357,7,0.92699,0.8807,1.6514,92.87,15.74,26.47,6.67,646.04,17.7,1.0342,0.0679,1.1758,0.1018,0.0675,0.001154,0.002262,0.001154,1.4217,1.4217,1.0,0.08,63.55,53.46,58.6,944.16
3,S03,SESS_S03_EXP,5.1228,0.28391,0.02329,4.6028,0.52281,7,0.55631,0.7852,1.4722,94.05,20.34,25.12,4.29,637.96,21.75,1.0144,0.0414,1.2448,0.0804,0.056,0.000428,0.000839,0.000428,1.4217,1.4217,1.0,0.08,63.55,53.46,58.6,944.16
0,S04,SESS_S04_EXP,1.73725,0.02864,0.000954,1.68725,0.01516,2,0.1166,1.2801,2.6602,66.1,49.67,61.35,37.47,907.71,51.21,0.9907,0.0052,1.0483,0.0175,0.0151,7e-06,1.3e-05,7e-06,1.6148,1.6148,1.0,0.08,67.32,52.57,58.96,891.31
0,S04,SESS_S04_EXP,1.74147,0.0566,-0.001871,1.69147,0.01813,1,0.11063,1.4111,2.9222,70.0,49.84,57.35,43.89,857.18,53.41,1.0153,0.008,1.0294,0.031,0.0152,1.6e-05,3.2e-05,1.6e-05,1.6148,1.6148,1.0,0.08,67.32,52.57,58.96,891.31
0,S04,SESS_S04_EXP,1.71054,0.03519,-0.000497,1.66054,0.03873,0,0.0,0.0,0.0,69.36,50.83,62.01,44.54,865.11,37.55,0.9803,0.0115,1.0046,0.0325,0.0187,3.3e-05,6.5e-05,3.3e-05,1.6148,1.6148,1.0,0.08,67.32,52.57,58.96,891.31
0,S04,SESS_S04_EXP,1.67331,0.03552,-0.000656,1.62331,0.0317,1,0.11974,1.1957,2.4913,65.69,55.13,62.0,39.02,913.36,40.1,1.0062,0.0173,1.0025,0.0373,0.0054,7.5e-05,0.000146,7.5e-05,1.6148,1.6148,1.0,0.08,67.32,52.57,58.96,891.31
0,S04,SESS_S04_EXP,1.61864,0.05583,0.000948,1.56864,0.02117,2,0.10869,1.1027,2.3054,69.15,58.44,64.36,35.89,867.72,40.01,1.0047,0.0161,1.0369,0.0256,0.006,6.5e-05,0.000128,6.5e-05,1.6148,1.6148,1.0,0.08,67.32,52.57,58.96,891.31
0,S04,SESS_S04_EXP,1.65759,0.07525,0.000844,1.60759,0.02615,0,0.0,0.0,0.0,69.51,59.55,63.7,25.7,863.21,54.68,0.9965,0.0181,1.0319,0.035,0.0125,8.2e-05,0.000161,8.2e-05,1.6148,1.6148,1.0,0.08,67.32,52.57,58.96,891.31
0,S04,SESS_S04_EXP,1.76081,0.04516,1e-06,1.71081,0.03355,1,0.05153,1.0846,2.2693,66.12,54.6,56.47,34.82,907.4,58.18,0.9842,0.0165,1.0205,0.0297,0.0089,6.8e-05,0.000133,6.8e-05,1.6148,1.6148,1.0,0.08,67.32,52.57,58.96,891.31
0,S04,SESS_S04_EXP,1.60468,0.02963,-0.004295,1.55468,0.01557,0,0.0,0.0,0.0,68.8,57.21,63.4,33.92,872.13,55.15,0.9803,0.0189,1.0222,0.0266,0.0088,8.9e-05,0.000174,8.9e-05,1.6148,1.6148,1.0,0.08,67.32,52.57,58.96,891.31
0,S04,SESS_S04_EXP,1.78297,0.06969,-0.002839,1.73297,0.03428,0,0.0,0.0,0.0,66.28,52.82,60.51,43.82,905.29,56.91,0.9841,0.0109,1.0277,0.0251,0.0079,3e-05,5.8e-05,3e-05,1.6148,1.6148,1.0,0.08,67.32,52.57,58.96,891.31
0,S04,SESS_S04_EXP,1.77951,0.06062,0.003379,1.72951,0.03576,2,0.07902,1.2156,2.5311,64.4,52.12,60.09,33.22,931.74,53.05,0.9954,0.0123,1.0215,0.0322,0.0179,3.8e-05,7.5e-05,3.8e-05,1.6148,1.6148,1.0,0.08,67.32,52.57,58.96,891.31
0,S04,SESS_S04_EXP,1.63901,0.05248,-0.001548,1.58901,0.02243,1,0.11172,1.3462,2.7923,65.05,56.18,61.2,27.37,922.43,40.3,0.9924,0.0075,1.0122,0.018,0.01,1.4e-05,2.8e-05,1.4e-05,1.6148,1.6148,1.0,0.08,67.32,52.57,58.96,891.31
0,S04,SESS_S04_EXP,1.75216,0.05431,0.004862,1.70216,0.02244,0,0.0,0.0,0.0,66.89,55.06,62.23,39.04,896.99,39.29,1.0,0.0112,1.0435,0.0289,0.013,3.1e-05,6.1e-05,3.1e-05,1.6148,1.6148,1.0,0.08,67.32,52.57,58.96,891.31
0,S04,SESS_S04_EXP,1.59411,0.04023,-0.003572,1.54411,0.03076,2,0.058,1.2252,2.5504,68.91,56.71,62.92,44.03,870.76,54.41,1.0045,0.0179,1.0337,0.0222,0.0183,8e-05,0.000156,8e-05,1.6148,1.6148,1.0,0.08,67.32,52.57,58.96,891.31
0,S04,SESS_S04_EXP,1.62028,0.06288,0.003816,1.57028,0.03194,0,0.0,0.0,0.0,67.53,58.6,63.35,41.87,888.49,47.13,0.9933,0.0169,1.0226,0.0155,0.0178,7.1e-05,0.00014,7.1e-05,1.6148,1.6148,1.0,0.08,67.32,52.57,58.96,891.31
0,S04,SESS_S04_EXP,1.58373,0.04327,0.003035,1.53373,0.03705,1,0.05469,1.191,2.482,69.58,53.24,60.84,44.36,862.31,36.66,1.0059,0.0061,1.0188,0.0341,0.0115,9e-06,1.8e-05,9e-06,1.6148,1.6148,1.0,0.08,67.32,52.57,58.96,891.31
1,S04,SESS_S04_EXP,2.53396,0.10032,0.004533,2.41396,0.06541,3,0.23668,1.2023,2.4047,75.47,42.51,48.21,19.06,795.05,28.77,0.991,0.0332,1.0565,0.0533,0.0268,0.000276,0.000541,0.000276,1.6148,1.6148,1.0,0.08,67.32,52.57,58.96,891.31
1,S04,SESS_S04_EXP,2.26342,0.05933,0.001535,2.14342,0.09067,2,0.21339,1.2446,2.4892,76.51,42.83,50.78,20.7,784.23,30.39,1.0103,0.0255,1.082,0.0268,0.0139,0.000163,0.000319,0.000163,1.6148,1.6148,1.0,0.08,67.32,52.57,58.96,891.31
1,S04,SESS_S04_EXP,2.50193,0.1175,0.010991,2.38193,0.10311,4,0.18931,0.9611,1.9222,76.46,43.54,49.21,23.34,784.7,33.22,0.9949,0.0278,1.057,0.0435,0.0137,0.000193,0.000379,0.000193,1.6148,1.6148,1.0,0.08,67.32,52.57,58.96,891.31
1,S04,SESS_S04_EXP,2.4954,0.11519,0.009203,2.3754,0.08905,3,0.23138,1.2034,2.4068,74.11,43.32,49.92,23.76,809.57,32.62,1.0115,0.0166,1.0957,0.0455,0.0165,6.9e-05,0.000135,6.9e-05,1.6148,1.6148,1.0,0.08,67.32,52.57,58.96,891.31
1,S04,SESS_S04_EXP,2.31566,0.06718,0.008641,2.19566,0.06531,4,0.16234,1.1285,2.2571,75.79,43.27,50.63,23.37,791.68,31.19,0.9753,0.0275,1.0558,0.0373,0.0106,0.000189,0.00037,0.000189,1.6148,1.6148,1.0,0.08,67.32,52.57,58.96,891.31
1,S04,SESS_S04_EXP,2.40201,0.05351,0.008335,2.28201,0.07261,3,0.2621,1.0667,2.1335,73.77,43.87,51.94,24.08,813.36,42.36,0.9849,0.0244,1.0347,0.0238,0.03,0.000149,0.000292,0.000149,1.6148,1.6148,1.0,0.08,67.32,52.57,58.96,891.31
1,S04,SESS_S04_EXP,2.3328,0.11734,0.009873,2.2128,0.11006,2,0.19453,1.1492,2.2983,75.24,39.7,47.87,25.57,797.41,43.16,1.021,0.0202,1.031,0.0232,0.0162,0.000102,0.000199,0.000102,1.6148,1.6148,1.0,0.08,67.32,52.57,58.96,891.31
1,S04,SESS_S04_EXP,2.3275,0.06194,0.006628,2.2075,0.05037,4,0.21994,1.124,2.2479,77.0,41.68,49.45,25.9,779.19,40.86,0.9965,0.0277,1.0572,0.0292,0.0219,0.000192,0.000376,0.000192,1.6148,1.6148,1.0,0.08,67.32,52.57,58.96,891.31
1,S04,SESS_S04_EXP,2.51326,0.13362,0.004761,2.39326,0.08694,4,0.19509,1.1484,2.2968,74.47,41.03,51.13,20.07,805.64,43.98,1.0002,0.0337,1.0883,0.0345,0.0273,0.000284,0.000557,0.000284,1.6148,1.6148,1.0,0.08,67.32,52.57,58.96,891.31
1,S04,SESS_S04_EXP,2.42809,0.13768,0.001768,2.30809,0.08883,2,0.22175,1.0481,2.0961,75.41,38.82,50.19,20.01,795.63,39.35,1.0202,0.0142,1.0313,0.0512,0.0222,5.1e-05,9.9e-05,5.1e-05,1.6148,1.6148,1.0,0.08,67.32,52.57,58.96,891.31
1,S04,SESS_S04_EXP,2.4447,0.12543,0.009831,2.3247,0.11726,4,0.22225,1.1153,2.2307,77.54,43.74,49.47,24.17,773.82,38.92,0.9747,0.0285,1.0366,0.0438,0.0241,0.000203,0.000398,0.000203,1.6148,1.6148,1.0,0.08,67.32,52.57,58.96,891.31
1,S04,SESS_S04_EXP,2.30869,0.11216,0.007565,2.18869,0.08511,4,0.26177,1.1207,2.2413,73.0,42.73,47.68,23.83,821.96,44.95,0.9718,0.0324,1.0736,0.0589,0.0193,0.000263,0.000515,0.000263,1.6148,1.6148,1.0,0.08,67.32,52.57,58.96,891.31
1,S04,SESS_S04_EXP,2.48902,0.05562,0.004688,2.36902,0.05469,4,0.18335,1.1738,2.3477,75.83,43.81,47.8,21.07,791.22,41.42,0.995,0.0142,1.0632,0.0222,0.0288,5e-05,9.9e-05,5e-05,1.6148,1.6148,1.0,0.08,67.32,52.57,58.96,891.31
1,S04,SESS_S04_EXP,2.39377,0.13868,0.002826,2.27377,0.05801,4,0.24773,1.0888,2.1777,73.77,39.66,47.36,16.43,813.29,32.36,0.9913,0.0268,1.0344,0.0284,0.0262,0.00018,0.000353,0.00018,1.6148,1.6148,1.0,0.08,67.32,52.57,58.96,891.31
1,S04,SESS_S04_EXP,2.27889,0.08084,0.010511,2.15889,0.06084,4,0.13577,1.0229,2.0458,76.79,42.51,49.66,16.72,781.33,36.13,1.0168,0.0176,1.0518,0.0201,0.0135,7.7e-05,0.000152,7.7e-05,1.6148,1.6148,1.0,0.08,67.32,52.57,58.96,891.31
2,S04,SESS_S04_EXP,3.98693,0.17144,0.020158,3.70693,0.20638,5,0.40378,0.9371,1.8759,86.39,29.01,39.96,13.77,694.51,30.07,0.9845,0.0415,1.1708,0.0994,0.0467,0.000431,0.000845,0.000431,1.6148,1.6148,1.0,0.08,67.32,52.57,58.96,891.31
2,S04,SESS_S04_EXP,3.68054,0.14537,0.01632,3.40054,0.29833,6,0.43109,1.0329,2.0554,86.13,29.52,36.66,14.0,696.66,19.73,1.0268,0.0366,1.1317,0.0942,0.0467,0.000336,0.000658,0.000336,1.6148,1.6148,1.0,0.08,67.32,52.57,58.96,891.31
2,S04,SESS_S04_EXP,3.86293,0.18668,0.022783,3.58293,0.23056,7,0.42922,0.9534,1.9064,83.92,29.54,36.81,11.71,714.95,20.59,0.9807,0.0287,1.0919,0.0895,0.0286,0.000207,0.000405,0.000207,1.6148,1.6148,1.0,0.08,67.32,52.57,58.96,891.31
2,S04,SESS_S04_EXP,3.95837,0.24609,0.017711,3.67837,0.1786,5,0.34826,1.0576,2.1017,87.89,30.93,37.99,13.29,682.68,26.03,0.9871,0.0595,1.073,0.0552,0.0356,0.000886,0.001737,0.000886,1.6148,1.6148,1.0,0.08,67.32,52.57,58.96,891.31
2,S04,SESS_S04_EXP,3.87065,0.20105,0.018205,3.59065,0.1607,7,0.48257,1.1524,2.2794,82.38,28.32,38.07,6.94,728.33,24.81,1.0513,0.0216,1.105,0.0525,0.0271,0.000117,0.000229,0.000117,1.6148,1.6148,1.0,0.08,67.32,52.57,58.96,891.31
2,S04,SESS_S04_EXP,3.94903,0.18085,0.015927,3.66903,0.30212,7,0.44612,1.0,1.9937,86.64,28.64,40.19,15.35,692.53,23.26,1.0279,0.039,1.1509,0.0858,0.0214,0.000381,0.000746,0.000381,1.6148,1.6148,1.0,0.08,67.32,52.57,58.96,891.31
2,S04,SESS_S04_EXP,3.82982,0.18088,0.02115,3.54982,0.17468,7,0.28943,0.8526,1.7173,85.17,28.2,41.0,7.61,704.44,18.35,0.9994,0.0295,1.076,0.0835,0.0233,0.000218,0.000426,0.000218,1.6148,1.6148,1.0,0.08,67.32,52.57,58.96,891.31
2,S04,SESS_S04_EXP,3.79897,0.15654,0.010949,3.51897,0.22595,7,0.33396,1.0023,1.998,81.71,28.98,39.87,8.11,734.35,25.79,1.0442,0.0534,1.1813,0.062,0.0295,0.000713,0.001397,0.000713,1.6148,1.6148,1.0,0.08,67.32,52.57,58.96,891.31
2,S04,SESS_S04_EXP,3.53858,0.15676,0.015116,3.25858,0.2085,4,0.5396,0.9154,1.8352,85.99,31.17,37.55,12.11,697.74,27.5,0.9849,0.0539,1.1837,0.0931,0.0422,0.000727,0.001425,0.000727,1.6148,1.6148,1.0,0.08,67.32,52.57,58.96,891.31
2,S04,SESS_S04_EXP,3.63354,0.15661,0.024377,3.35354,0.15206,7,0.42662,1.0752,2.1347,83.74,28.18,40.73,8.78,716.46,19.99,0.9844,0.054,1.0807,0.0995,0.0362,0.000728,0.001428,0.000728,1.6148,1.6148,1.0,0.08,67.32,52.57,58.96,891.31
2,S04,SESS_S04_EXP,3.57725,0.1512,0.020072,3.29725,0.20459,6,0.54138,0.8389,1.6917,84.44,28.58,37.44,10.71,710.53,27.27,1.0326,0.0502,1.1393,0.0943,0.0445,0.000629,0.001233,0.000629,1.6148,1.6148,1.0,0.08,67.32,52.57,58.96,891.31
2,S04,SESS_S04_EXP,3.87333,0.12723,0.008117,3.59333,0.19249,4,0.34735,0.9326,1.8674,86.34,30.7,38.1,13.57,694.96,22.13,0.9829,0.0243,1.1228,0.0838,0.0482,0.000147,0.000289,0.000147,1.6148,1.6148,1.0,0.08,67.32,52.57,58.96,891.31
2,S04,SESS_S04_EXP,3.90606,0.14253,0.016259,3.62606,0.17338,4,0.41306,1.0315,2.0528,83.42,29.14,38.56,7.64,719.29,19.63,1.0101,0.0561,1.1113,0.084,0.0398,0.000787,0.001542,0.000787,1.6148,1.6148,1.0,0.08,67.32,52.57,58.96,891.31
2,S04,SESS_S04_EXP,3.96059,0.22673,0.017632,3.68059,0.28141,6,0.39093,0.9733,1.9437,85.24,31.22,36.46,8.54,703.89,28.92,0.9609,0.023,1.1134,0.0455,0.0376,0.000133,0.00026,0.000133,1.6148,1.6148,1.0,0.08,67.32,52.57,58.96,891.31
2,S04,SESS_S04_EXP,3.88656,0.21096,0.018488,3.60656,0.32269,7,0.30788,0.9758,1.9484,82.52,28.98,37.74,15.38,727.06,29.46,1.0582,0.0304,1.1864,0.0659,0.0304,0.000231,0.000452,0.000231,1.6148,1.6148,1.0,0.08,67.32,52.57,58.96,891.31
3,S04,SESS_S04_EXP,5.27509,0.23214,0.03576,4.75509,0.53317,13,0.88768,0.7822,1.4665,95.85,17.46,26.76,5.94,626.01,19.85,1.0011,0.051,1.2053,0.1406,0.0464,0.000652,0.001277,0.000652,1.6148,1.6148,1.0,0.08,67.32,52.57,58.96,891.31
3,S04,SESS_S04_EXP,5.90754,0.27088,0.02643,5.38754,0.67336,13,0.76154,0.6785,1.2721,97.91,16.08,29.62,1.71,612.82,21.2,1.0363,0.0619,1.1459,0.1076,0.0504,0.000958,0.001877,0.000958,1.6148,1.6148,1.0,0.08,67.32,52.57,58.96,891.31
3,S04,SESS_S04_EXP,5.36378,0.37097,0.044135,4.84378,0.57488,13,0.67319,0.5734,1.0752,95.71,17.13,28.83,1.26,626.91,18.32,1.0302,0.0439,1.2626,0.154,0.0323,0.000482,0.000944,0.000482,1.6148,1.6148,1.0,0.08,67.32,52.57,58.96,891.31
3,S04,SESS_S04_EXP,5.95422,0.44132,0.028323,5.43422,0.65001,8,0.84578,0.7491,1.4045,96.1,15.65,26.4,4.34,624.37,10.35,1.0742,0.0394,1.1796,0.1118,0.0655,0.000388,0.00076,0.000388,1.6148,1.6148,1.0,0.08,67.32,52.57,58.96,891.31
3,S04,SESS_S04_EXP,5.31139,0.29307,0.04406,4.79139,0.45494,13,1.01007,0.6514,1.2213,93.82,16.89,26.86,2.9,639.53,13.43,0.9355,0.0489,1.1477,0.1381,0.0499,0.000598,0.001171,0.000598,1.6148,1.6148,1.0,0.08,67.32,52.57,58.96,891.31
3,S04,SESS_S04_EXP,5.76125,0.22185,0.043295,5.24125,0.44486,11,0.75847,0.8758,1.6422,102.47,15.82,29.18,3.9,585.55,16.17,0.9724,0.0644,1.1985,0.0639,0.0436,0.001036,0.002031,0.001036,1.6148,1.6148,1.0,0.08,67.32,52.57,58.96,891.31
3,S04,SESS_S04_EXP,5.23991,0.44502,0.043972,4.71991,0.50806,7,0.66599,0.7892,1.4797,101.89,18.67,27.16,1.79,588.88,14.59,1.0253,0.0573,1.2804,0.1598,0.0396,0.00082,0.001607,0.00082,1.6148,1.6148,1.0,0.08,67.32,52.57,58.96,891.31
3,S04,SESS_S04_EXP,5.4784,0.26556,0.016971,4.9584,0.70485,13,0.71897,0.613,1.1493,98.78,16.65,25.76,2.03,607.4,15.02,1.0487,0.0839,1.1551,0.0993,0.035,0.001759,0.003447,0.001759,1.6148,1.6148,1.0,0.08,67.32,52.57,58.96,891.31
3,S04,SESS_S04_EXP,5.24808,0.3722,0.033073,4.72808,0.41521,9,0.67925,0.6907,1.295,101.62,19.31,26.48,2.59,590.45,13.36,0.9672,0.0322,1.3068,0.0814,0.051,0.000258,0.000507,0.000258,1.6148,1.6148,1.0,0.08,67.32,52.57,58.96,891.31
3,S04,SESS_S04_EXP,5.43311,0.38047,0.025923,4.91311,0.57649,8,0.58404,0.7447,1.3963,98.67,17.4,28.72,1.79,608.09,16.16,0.9531,0.0356,1.2139,0.0763,0.0411,0.000317,0.000621,0.000317,1.6148,1.6148,1.0,0.08,67.32,52.57,58.96,891.31
3,S04,SESS_S04_EXP,5.48885,0.27966,0.017628,4.96885,0.38597,11,0.79753,0.8836,1.6568,96.69,18.92,25.38,2.27,620.53,19.03,0.9287,0.0596,1.2196,0.0934,0.0497,0.000887,0.001738,0.000887,1.6148,1.6148,1.0,0.08,67.32,52.57,58.96,891.31
3,S04,SESS_S04_EXP,5.69241,0.40525,0.037805,5.17241,0.41156,11,0.95365,0.701,1.3144,96.78,16.61,25.59,2.03,619.95,19.93,1.0194,0.0503,1.2845,0.0847,0.0788,0.000631,0.001237,0.000631,1.6148,1.6148,1.0,0.08,67.32,52.57,58.96,891.31
3,S04,SESS_S04_EXP,5.51066,0.29758,0.024357,4.99066,0.39884,9,0.77622,0.8088,1.5164,95.72,17.93,29.09,5.04,626.82,19.89,0.9875,0.0394,1.2728,0.096,0.0636,0.000388,0.00076,0.000388,1.6148,1.6148,1.0,0.08,67.32,52.57,58.96,891.31
3,S04,SESS_S04_EXP,6.02887,0.25593,0.044653,5.50887,0.74091,9,0.86779,0.7699,1.4435,101.98,16.01,27.3,4.72,588.37,14.93,0.9927,0.0498,1.2416,0.1451,0.0401,0.00062,0.001216,0.00062,1.6148,1.6148,1.0,0.08,67.32,52.57,58.96,891.31
3,S04,SESS_S04_EXP,5.98235,0.37849,0.039698,5.46235,0.57248,11,0.88176,0.7835,1.4691,98.55,15.84,27.32,3.95,608.81,12.34,1.0309,0.0769,1.2825,0.1202,0.0556,0.001477,0.002894,0.001477,1.6148,1.6148,1.0,0.08,67.32,52.57,58.96,891.31
0,S05,SESS_S05_EXP,1.94316,0.05967,0.001522,1.89316,0.01753,1,0.05917,1.2684,2.6367,70.0,54.57,55.26,39.68,857.15,43.53,0.9991,0.0189,1.0166,0.024,0.0052,9e-05,0.000176,9e-05,1.9122,1.9122,1.0,0.08,69.36,48.37,57.86,865.01
0,S05,SESS_S05_EXP,1.8826,0.03552,-0.004721,1.8326,0.02894,0,0.0,0.0,0.0,70.4,53.06,59.29,37.67,852.27,55.14,0.9959,0.0171,1.0296,0.015,0.0054,7.3e-05,0.000143,7.3e-05,1.9122,1.9122,1.0,0.08,69.36,48.37,57.86,865.01
0,S05,SESS_S05_EXP,2.07216,0.02765,0.003002,2.02216,0.03589,1,0.06003,1.2717,2.6434,70.65,47.89,59.58,38.96,849.24,57.51,1.0117,0.0151,1.034,0.0384,0.0094,5.7e-05,0.000112,5.7e-05,1.9122,1.9122,1.0,0.08,69.36,48.37,57.86,865.01
0,S05,SESS_S05_EXP,1.86248,0.03632,-0.002821,1.81248,0.02986,2,0.09154,0.9893,2.0786,66.46,53.12,57.77,38.3,902.79,48.91,0.9937,0.007,1.0047,0.0349,0.0188,1.2e-05,2.4e-05,1.2e-05,1.9122,1.9122,1.0,0.08,69.36,48.37,57.86,865.01
0,S05,SESS_S05_EXP,1.96271,0.06374,0.002798,1.91271,0.01355,0,0.0,0.0,0.0,66.45,48.25,59.84,27.96,903.0,37.3,1.0126,0.0184,1.0412,0.037,0.0133,8.5e-05,0.000166,8.5e-05,1.9122,1.9122,1.0,0.08,69.36,48.37,57.86,865.01
0,S05,SESS_S05_EXP,2.06527,0.04304,0.001663,2.01527,0.03967,2,0.06682,1.2287,2.5574,66.93,48.15,55.73,28.54,896.41,59.68,0.9978,0.013,1.0437,0.0399,0.0137,4.2e-05,8.3e-05,4.2e-05,1.9122,1.9122,1.0,0.08,69.36,48.37,57.86,865.01
0,S05,SESS_S05_EXP,1.93864,0.04416,0.001725,1.88864,0.03047,0,0.0,0.0,0.0,70.53,48.75,61.5,38.33,850.68,37.99,1.0029,0.0089,1.0402,0.0228,0.0199,2e-05,3.8e-05,2e-05,1.9122,1.9122,1.0,0.08,69.36,48.37,57.86,865.01
0,S05,SESS_S05_EXP,1.88533,0.06682,0.001737,1.83533,0.03302,2,0.0932,1.3015,2.7029,71.46,46.73,55.99,44.27,839.59,37.7,0.9991,0.0138,1.0271,0.0126,0.0059,4.7e-05,9.3e-05,4.7e-05,1.9122,1.9122,1.0,0.08,69.36,48.37,57.86,865.01
0,S05,SESS_S05_EXP,1.99829,0.03402,0.001378,1.94829,0.0346,1,0.08662,1.2196,2.5392,67.99,49.16,60.24,38.06,882.43,38.85,1.0191,0.0132,1.0068,0.0368,0.0061,4.3e-05,8.5e-05,4.3e-05,1.9122,1.9122,1.0,0.08,69.36,48.37,57.86,865.01
0,S05,SESS_S05_EXP,2.08914,0.07979,0.002004,2.03914,0.03311,2,0.11591,1.1096,2.3192,69.54,53.16,63.17,44.5,862.79,55.83,0.9921,0.0195,1.0314,0.0379,0.0151,9.5e-05,0.000186,9.5e-05,1.9122,1.9122,1.0,0.08,69.36,48.37,57.86,865.01
0,S05,SESS_S05_EXP,1.99982,0.0674,-0.00182,1.94982,0.02739,0,0.0,0.0,0.0,68.63,45.12,57.91,35.12,874.25,39.05,1.0063,0.02,1.0226,0.0206,0.011,0.0001,0.000195,0.0001,1.9122,1.9122,1.0,0.08,69.36,48.37,57.86,865.01
0,S05,SESS_S05_EXP,1.89099,0.073,-0.000852,1.84099,0.02162,2,0.09315,1.0549,2.2098,69.11,49.14,58.95,33.3,868.2,53.26,0.9854,0.008,1.009,0.0179,0.0129,1.6e-05,3.1e-05,1.6e-05,1.9122,1.9122,1.0,0.08,69.36,48.37,57.86,865.01
0,S05,SESS_S05_EXP,2.03111,0.02229,0.0012,1.98111,0.03095,0,0.0,0.0,0.0,66.62,48.74,55.74,27.33,900.69,41.36,0.9918,0.0129,1.0339,0.0278,0.0072,4.2e-05,8.2e-05,4.2e-05,1.9122,1.9122,1.0,0.08,69.36,48.37,57.86,865.01
0,S05,SESS_S05_EXP,1.90522,0.07273,0.000584,1.85522,0.0361,2,0.0917,1.1496,2.3993,66.85,55.65,61.65,36.73,897.57,55.71,0.9832,0.0122,1.0315,0.0349,0.0168,3.7e-05,7.2e-05,3.7e-05,1.9122,1.9122,1.0,0.08,69.36,48.37,57.86,865.01
0,S05,SESS_S05_EXP,1.89329,0.07251,0.004709,1.84329,0.01531,1,0.09223,1.2195,2.5391,71.17,50.01,58.66,44.91,843.01,35.26,1.0158,0.0072,1.0393,0.0285,0.0101,1.3e-05,2.6e-05,1.3e-05,1.9122,1.9122,1.0,0.08,69.36,48.37,57.86,865.01
1,S05,SESS_S05_EXP,2.79436,0.05116,0.003494,2.67436,0.08968,2,0.19038,1.0901,2.1802,77.73,36.04,45.18,21.59,771.93,43.34,0.993,0.0154,1.061,0.0219,0.0264,5.9e-05,0.000116,5.9e-05,1.9122,1.9122,1.0,0.08,69.36,48.37,57.86,865.01
1,S05,SESS_S05_EXP,2.63813,0.12198,0.007102,2.51813,0.10782,3,0.19458,1.1326,2.2652,76.54,33.48,46.34,24.53,783.95,30.8,0.9949,0.0104,1.0635,0.0208,0.0264,2.7e-05,5.3e-05,2.7e-05,1.9122,1.9122,1.0,0.08,69.36,48.37,57.86,865.01
1,S05,SESS_S05_EXP,2.77966,0.1209,0.004117,2.65966,0.10861,4,0.22664,1.2208,2.4417,74.34,36.47,45.84,17.03,807.06,31.44,0.9932,0.0113,1.0578,0.0405,0.0197,3.2e-05,6.2e-05,3.2e-05,1.9122,1.9122,1.0,0.08,69.36,48.37,57.86,865.01
1,S05,SESS_S05_EXP,2.5758,0.09551,0.001682,2.4558,0.05498,4,0.20327,1.2089,2.4178,79.83,34.79,46.4,16.25,751.59,43.6,1.0167,0.0306,1.0932,0.041,0.019,0.000233,0.000458,0.000233,1.9122,1.9122,1.0,0.08,69.36,48.37,57.86,865.01
1,S05,SESS_S05_EXP,2.63132,0.10303,0.005997,2.51132,0.08161,3,0.14718,1.0624,2.1247,74.63,34.24,47.97,17.7,804.02,34.09,1.0294,0.0271,1.0964,0.0257,0.0176,0.000184,0.00036,0.000184,1.9122,1.9122,1.0,0.08,69.36,48.37,57.86,865.01
1,S05,SESS_S05_EXP,2.53346,0.11034,0.00806,2.41346,0.07876,4,0.18619,1.0211,2.0421,77.78,37.43,44.99,25.87,771.39,28.7,1.0281,0.0237,1.0974,0.0246,0.0198,0.000141,0.000276,0.000141,1.9122,1.9122,1.0,0.08,69.36,48.37,57.86,865.01
1,S05,SESS_S05_EXP,2.58305,0.05459,0.007793,2.46305,0.06454,3,0.20751,1.1102,2.2204,76.71,39.83,45.29,18.09,782.13,33.95,1.0169,0.0348,1.0468,0.055,0.0266,0.000303,0.000594,0.000303,1.9122,1.9122,1.0,0.08,69.36,48.37,57.86,865.01
1,S05,SESS_S05_EXP,2.6551,0.13804,0.00299,2.5351,0.10594,3,0.24967,1.0498,2.0996,75.5,38.49,47.09,20.74,794.71,29.16,0.9809,0.0339,1.0923,0.0461,0.0192,0.000288,0.000564,0.000288,1.9122,1.9122,1.0,0.08,69.36,48.37,57.86,865.01
1,S05,SESS_S05_EXP,2.73493,0.10567,0.007254,2.61493,0.05414,4,0.18336,0.9628,1.9255,74.66,34.48,50.55,24.68,803.63,43.42,1.0295,0.0152,1.0549,0.0468,0.0197,5.8e-05,0.000113,5.8e-05,1.9122,1.9122,1.0,0.08,69.36,48.37,57.86,865.01
1,S05,SESS_S05_EXP,2.71034,0.1018,0.002776,2.59034,0.08302,4,0.1704,0.9168,1.8337,75.21,33.86,49.82,17.8,797.75,36.04,0.9726,0.0275,1.0531,0.0498,0.0182,0.000189,0.00037,0.000189,1.9122,1.9122,1.0,0.08,69.36,48.37,57.86,865.01
1,S05,SESS_S05_EXP,2.59093,0.09619,0.002436,2.47093,0.08084,2,0.26591,0.9949,1.9897,74.23,38.23,45.95,18.51,808.31,35.06,1.0245,0.0161,1.0364,0.0327,0.0121,6.5e-05,0.000126,6.5e-05,1.9122,1.9122,1.0,0.08,69.36,48.37,57.86,865.01
1,S05,SESS_S05_EXP,2.55047,0.05278,0.008859,2.43047,0.07532,2,0.16058,1.1206,2.2411,77.72,35.3,47.82,16.34,772.04,38.0,0.989,0.0257,1.0866,0.0445,0.0159,0.000165,0.000323,0.000165,1.9122,1.9122,1.0,0.08,69.36,48.37,57.86,865.01
1,S05,SESS_S05_EXP,2.60892,0.07947,0.002811,2.48892,0.06268,4,0.18156,0.9966,1.9932,76.48,37.53,48.39,15.74,784.52,42.14,0.9806,0.0281,1.0841,0.0486,0.0216,0.000197,0.000386,0.000197,1.9122,1.9122,1.0,0.08,69.36,48.37,57.86,865.01
1,S05,SESS_S05_EXP,2.79125,0.07779,0.004229,2.67125,0.06862,4,0.14461,0.9411,1.8822,79.18,36.58,48.24,22.29,757.76,39.54,1.0259,0.0349,1.0804,0.0315,0.0276,0.000305,0.000598,0.000305,1.9122,1.9122,1.0,0.08,69.36,48.37,57.86,865.01
1,S05,SESS_S05_EXP,2.54697,0.0708,0.010871,2.42697,0.06793,4,0.26452,1.248,2.496,74.01,34.84,47.35,18.92,810.69,43.5,0.9724,0.0228,1.0776,0.0573,0.0224,0.00013,0.000255,0.00013,1.9122,1.9122,1.0,0.08,69.36,48.37,57.86,865.01
2,S05,SESS_S05_EXP,4.23535,0.13968,0.010582,3.95535,0.21571,6,0.31529,0.8268,1.6689,88.07,25.75,38.31,8.07,681.31,25.06,0.9843,0.0371,1.1474,0.0847,0.027,0.000344,0.000674,0.000344,1.9122,1.9122,1.0,0.08,69.36,48.37,57.86,865.01
2,S05,SESS_S05_EXP,3.99486,0.15499,0.011377,3.71486,0.30668,7,0.50281,0.8385,1.6909,88.93,23.32,39.45,7.43,674.7,27.21,1.0206,0.021,1.1646,0.0942,0.028,0.00011,0.000217,0.00011,1.9122,1.9122,1.0,0.08,69.36,48.37,57.86,865.01
2,S05,SESS_S05_EXP,4.06516,0.24041,0.022812,3.78516,0.30702,7,0.31961,0.9212,1.8461,88.2,27.04,38.95,9.32,680.3,25.01,1.021,0.0404,1.0844,0.0587,0.0441,0.000409,0.000801,0.000409,1.9122,1.9122,1.0,0.08,69.36,48.37,57.86,865.01
2,S05,SESS_S05_EXP,4.22291,0.13785,0.024191,3.94291,0.21576,7,0.34362,1.1503,2.2756,89.97,26.6,36.59,13.83,666.9,29.25,1.0585,0.0439,1.0798,0.0788,0.0387,0.000482,0.000945,0.000482,1.9122,1.9122,1.0,0.08,69.36,48.37,57.86,865.01
2,S05,SESS_S05_EXP,4.22204,0.24473,0.011701,3.94204,0.16763,6,0.32544,0.8378,1.6896,89.22,24.67,35.99,13.2,672.51,25.16,1.0165,0.0384,1.1694,0.0898,0.0413,0.000369,0.000724,0.000369,1.9122,1.9122,1.0,0.08,69.36,48.37,57.86,865.01
2,S05,SESS_S05_EXP,3.8449,0.22905,0.019407,3.5649,0.2894,6,0.31834,1.0305,2.0509,85.49,22.21,38.53,9.06,701.81,22.57,0.9578,0.034,1.1735,0.054,0.0409,0.000289,0.000566,0.000289,1.9122,1.9122,1.0,0.08,69.36,48.37,57.86,865.01
2,S05,SESS_S05_EXP,3.85835,0.24709,0.017905,3.57835,0.34909,7,0.42695,1.0267,2.0438,90.19,23.59,37.0,9.44,665.23,25.29,0.9985,0.0552,1.1307,0.0705,0.0242,0.000762,0.001493,0.000762,1.9122,1.9122,1.0,0.08,69.36,48.37,57.86,865.01
2,S05,SESS_S05_EXP,4.28357,0.1525,0.009247,4.00357,0.28263,7,0.42312,0.9774,1.9513,86.64,23.84,39.76,14.95,692.53,29.95,1.0241,0.0255,1.1032,0.0428,0.0479,0.000162,0.000318,0.000162,1.9122,1.9122,1.0,0.08,69.36,48.37,57.86,865.01
2,S05,SESS_S05_EXP,3.94799,0.22993,0.012413,3.66799,0.15033,6,0.29478,1.0476,2.083,84.79,23.89,36.17,6.0,707.6,30.81,1.0428,0.0497,1.0901,0.0472,0.022,0.000617,0.00121,0.000617,1.9122,1.9122,1.0,0.08,69.36,48.37,57.86,865.01
2,S05,SESS_S05_EXP,4.15422,0.24075,0.015319,3.87422,0.17383,7,0.34539,1.0137,2.0194,83.87,25.84,39.12,8.34,715.35,28.49,1.051,0.0243,1.0979,0.085,0.0282,0.000148,0.00029,0.000148,1.9122,1.9122,1.0,0.08,69.36,48.37,57.86,865.01
2,S05,SESS_S05_EXP,4.0183,0.21608,0.019671,3.7383,0.31301,4,0.51259,0.8937,1.7945,89.43,21.43,39.52,10.61,670.95,31.84,1.0032,0.0595,1.1605,0.0549,0.0362,0.000884,0.001733,0.000884,1.9122,1.9122,1.0,0.08,69.36,48.37,57.86,865.01
2,S05,SESS_S05_EXP,4.28827,0.23148,0.009655,4.00827,0.29127,5,0.51187,0.9668,1.9314,85.64,27.1,35.59,6.18,700.57,30.66,0.9576,0.0597,1.1842,0.0482,0.0361,0.00089,0.001745,0.00089,1.9122,1.9122,1.0,0.08,69.36,48.37,57.86,865.01
2,S05,SESS_S05_EXP,3.82291,0.14911,0.014176,3.54291,0.23773,6,0.52443,0.9265,1.8559,86.81,23.35,35.5,15.53,691.13,18.84,0.9827,0.0319,1.1084,0.0499,0.0435,0.000255,0.000499,0.000255,1.9122,1.9122,1.0,0.08,69.36,48.37,57.86,865.01
2,S05,SESS_S05_EXP,3.85345,0.20254,0.010105,3.57345,0.16411,6,0.48544,0.8469,1.7068,83.66,26.56,35.57,7.72,717.17,24.67,1.0312,0.0256,1.1228,0.069,0.0264,0.000163,0.00032,0.000163,1.9122,1.9122,1.0,0.08,69.36,48.37,57.86,865.01
2,S05,SESS_S05_EXP,4.19369,0.2475,0.018301,3.91369,0.25074,5,0.3818,0.9227,1.8488,86.12,24.64,35.81,12.91,696.73,20.35,0.9841,0.0401,1.1656,0.0844,0.0394,0.000403,0.000789,0.000403,1.9122,1.9122,1.0,0.08,69.36,48.37,57.86,865.01
3,S05,SESS_S05_EXP,5.65682,0.34582,0.017623,5.13682,0.50095,13,0.65228,0.8001,1.5003,104.87,11.42,25.16,6.82,572.13,18.82,1.0389,0.0812,1.1608,0.1306,0.0552,0.001647,0.003229,0.001647,1.9122,1.9122,1.0,0.08,69.36,48.37,57.86,865.01
3,S05,SESS_S05_EXP,6.02839,0.32988,0.029345,5.50839,0.65719,9,0.65561,0.8026,1.5048,96.82,15.06,28.44,6.32,619.68,17.51,1.0574,0.0341,1.2003,0.0914,0.0618,0.000291,0.000571,0.000291,1.9122,1.9122,1.0,0.08,69.36,48.37,57.86,865.01
3,S05,SESS_S05_EXP,5.81697,0.25416,0.032894,5.29697,0.67575,11,0.62275,0.9034,1.6938,97.33,11.56,25.35,4.86,616.46,17.21,1.0383,0.0518,1.2883,0.0804,0.0535,0.00067,0.001312,0.00067,1.9122,1.9122,1.0,0.08,69.36,48.37,57.86,865.01
3,S05,SESS_S05_EXP,5.62009,0.42325,0.025288,5.10009,0.62355,8,0.72386,0.758,1.4213,95.92,13.42,25.06,3.32,625.52,10.97,0.945,0.0479,1.1562,0.1511,0.0303,0.000573,0.001123,0.000573,1.9122,1.9122,1.0,0.08,69.36,48.37,57.86,865.01
3,S05,SESS_S05_EXP,5.91929,0.24835,0.02423,5.39929,0.72042,13,0.86373,0.8395,1.574,101.18,13.95,25.06,3.66,593.01,13.39,0.9338,0.0826,1.2712,0.0901,0.06,0.001706,0.003343,0.001706,1.9122,1.9122,1.0,0.08,69.36,48.37,57.86,865.01
3,S05,SESS_S05_EXP,5.62413,0.22088,0.03006,5.10413,0.58325,9,0.57998,0.8167,1.5313,98.5,12.87,24.94,6.24,609.11,11.05,1.0029,0.0715,1.1871,0.1224,0.0715,0.001278,0.002504,0.001278,1.9122,1.9122,1.0,0.08,69.36,48.37,57.86,865.01
3,S05,SESS_S05_EXP,5.68447,0.43096,0.031607,5.16447,0.46969,11,0.99649,0.7872,1.4761,98.78,12.54,28.1,3.18,607.4,19.53,1.08,0.0674,1.2735,0.1405,0.0723,0.001135,0.002225,0.001135,1.9122,1.9122,1.0,0.08,69.36,48.37,57.86,865.01
3,S05,SESS_S05_EXP,5.8537,0.37496,0.028511,5.3337,0.64959,11,0.89056,0.7555,1.4166,100.17,13.68,24.95,1.68,599.0,17.16,1.0024,0.0316,1.2085,0.0706,0.0566,0.00025,0.00049,0.00025,1.9122,1.9122,1.0,0.08,69.36,48.37,57.86,865.01
3,S05,SESS_S05_EXP,5.84882,0.36102,0.039168,5.32882,0.46987,8,0.83878,0.7896,1.4805,102.44,11.63,26.09,1.74,585.73,12.47,0.9202,0.0324,1.3159,0.0842,0.0632,0.000262,0.000513,0.000262,1.9122,1.9122,1.0,0.08,69.36,48.37,57.86,865.01
3,S05,SESS_S05_EXP,5.65472,0.38747,0.033008,5.13472,0.6425,8,1.02055,0.8145,1.5272,99.55,11.92,28.54,4.09,602.73,15.97,0.9503,0.0365,1.2916,0.1214,0.0463,0.000333,0.000652,0.000333,1.9122,1.9122,1.0,0.08,69.36,48.37,57.86,865.01
3,S05,SESS_S05_EXP,5.68559,0.34776,0.032518,5.16559,0.4328,13,0.59847,0.8972,1.6822,103.13,14.61,24.76,3.58,581.78,11.99,1.0401,0.0621,1.2544,0.0796,0.0406,0.000965,0.001891,0.000965,1.9122,1.9122,1.0,0.08,69.36,48.37,57.86,865.01
3,S05,SESS_S05_EXP,5.98,0.41733,0.035008,5.46,0.52416,8,1.06159,0.7926,1.4861,100.64,11.67,24.12,5.36,596.19,11.46,0.9715,0.0619,1.2416,0.1201,0.0383,0.000959,0.00188,0.000959,1.9122,1.9122,1.0,0.08,69.36,48.37,57.86,865.01
3,S05,SESS_S05_EXP,5.83599,0.36195,0.044095,5.31599,0.64105,8,0.61678,0.7808,1.4641,102.57,11.29,25.5,3.92,584.94,10.3,0.9623,0.0545,1.1903,0.0736,0.0664,0.000742,0.001454,0.000742,1.9122,1.9122,1.0,0.08,69.36,48.37,57.86,865.01
3,S05,SESS_S05_EXP,6.15174,0.30868,0.030201,5.63174,0.6924,8,0.70221,0.7527,1.4113,100.95,12.11,28.52,6.54,594.38,16.03,0.9757,0.0742,1.1466,0.1075,0.0468,0.001377,0.0027,0.001377,1.9122,1.9122,1.0,0.08,69.36,48.37,57.86,865.01
3,S05,SESS_S05_EXP,6.26863,0.22276,0.031584,5.74863,0.64627,9,0.59697,0.8611,1.6145,105.09,12.96,26.93,2.42,570.95,15.8,0.993,0.0345,1.1591,0.1437,0.042,0.000297,0.000583,0.000297,1.9122,1.9122,1.0,0.08,69.36,48.37,57.86,865.01
